market,model,prompt,label,n_draws,seed,psi,max_weight,n_rebalances,n_days,CAGR,mean_ann,std_ann,Sharpe_ann,MDD,VaR95,CVaR95
KR,-,A,ew,,0,0.0,0.02,26,248,0.5861373910957881,0.48204884311526935,0.2020341877662792,2.2518847879811497,-0.1315315217739944,-0.01962109792241305,-0.029462134415200576
KR,-,A,ew,,0,0.0005,0.02,26,248,0.5832712896327013,0.4802323931994364,0.2020111422377809,2.243149853753117,-0.13162520739026407,-0.01962109792241305,-0.02946526275955504
KR,-,A,ew,,0,0.001,0.02,26,248,0.5804098367581498,0.4784159432836034,0.20198969635825337,2.234395230986762,-0.13171888646398622,-0.01962109792241305,-0.0294683911039095
KR,-,A,ew,,0,0.0025,0.02,26,248,0.5718533006665099,0.4729665935361044,0.201934961519992,2.2080152002787474,-0.131999884432059,-0.01962109792241305,-0.02947777613697288
KR,-,A,cap,,0,0.0,0.27475870308065425,26,248,0.824822948725197,0.628835001739376,0.2312081719480938,2.6026064201667127,-0.13611685202533652,-0.021189826974386622,-0.034172523283835424
KR,-,A,cap,,0,0.0005,0.27475870308065425,26,248,0.8234617427158151,0.6280877637706979,0.23121155846491892,2.59933646366398,-0.1361200850447699,-0.021189826974386622,-0.03417280776933856
KR,-,A,cap,,0,0.001,0.27475870308065425,26,248,0.8221010817313406,0.6273405258020195,0.23121605212392218,2.5960541720868617,-0.13612331806420264,-0.021189826974386622,-0.03417309225484169
KR,-,A,cap,,0,0.0025,0.27475870308065425,26,248,0.818022367224704,0.6250988118959844,0.23123617522902695,2.586133775441632,-0.13613301712250125,-0.021189826974386622,-0.0341739457113511
KR,-,A,mvo_hist,,0,0.0,0.321647958504672,26,248,0.4990166693104834,0.44559414367115063,0.2853508493235502,1.4666261398239797,-0.1613182205246313,-0.02713537556419284,-0.039641142377835496
KR,-,A,mvo_hist,,0,0.0005,0.321647958504672,26,248,0.4866996773784307,0.4373101674913505,0.28527487717232025,1.437978144185826,-0.16226197577101031,-0.02713537556419284,-0.039641142377835496
KR,-,A,mvo_hist,,0,0.001,0.321647958504672,26,248,0.47447957395749074,0.42902619131155045,0.2852082745489307,1.4092685877188178,-0.16320494885694314,-0.02713537556419284,-0.039641142377835496
KR,-,A,mvo_hist,,0,0.0025,0.321647958504672,26,248,0.4383933367863737,0.40417426277215024,0.2850647448994261,1.3227982080805223,-0.16602917938231432,-0.02713537556419284,-0.039641142377835496
KR,-,A,prior,,0,0.0,0.20573143329622778,26,248,0.4327589008392425,0.371072980517297,0.15025070544103866,2.289385933166379,-0.08809239032843974,-0.011971103516653524,-0.020325849615800303
KR,-,A,prior,,0,0.0005,0.20573143329622778,26,248,0.4272076311393591,0.3671866489265726,0.15025761637017768,2.2634161788940435,-0.08817051764020079,-0.011971103516653524,-0.020348536934525693
KR,-,A,prior,,0,0.001,0.20573143329622778,26,248,0.42167672873264617,0.3633003173358483,0.15026948271296003,2.237375029405048,-0.08824864495196172,-0.011971103516653524,-0.020371224253251084
KR,-,A,prior,,0,0.0025,0.20573143329622778,26,248,0.40520551925983406,0.351641322563675,0.15033480003868804,2.1588494044485733,-0.0884830268872443,-0.011971103516653524,-0.020439286209427254
KR,-,A,mom_topk,,0,0.0,0.1,26,248,0.41600008748756956,0.3864909784249088,0.27803182627254147,1.2926572263721643,-0.2020153452915192,-0.030429323630786983,-0.03721874321345928
KR,-,A,mom_topk,,0,0.0005,0.1,26,248,0.38799988226332593,0.3664732364894249,0.2779481438702364,1.2210267092685165,-0.20395430801284087,-0.030429323630786983,-0.0373495124442285
KR,-,A,mom_topk,,0,0.001,0.1,26,248,0.3605312878317133,0.3464554945539411,0.27791746977479,1.1491338266013988,-0.20589020290697713,-0.030429323630786983,-0.037480281674997735
KR,-,A,mom_topk,,0,0.0025,0.1,26,248,0.2812192637391926,0.2864022687474894,0.278143521170702,0.9322925755156715,-0.21167950430994953,-0.030429323630786983,-0.03787258936730543
KR,-,A,mom_bl,,0,0.0,0.2091291192711353,26,248,0.4303572326549665,0.3693926936397052,0.1502399208864225,2.2783662463867933,-0.08842828732062802,-0.01219681503610042,-0.0204129509361032
KR,-,A,mom_bl,,0,0.0005,0.2091291192711353,26,248,0.4247904513965457,0.3654887082048858,0.15024524619913765,2.2523014054242343,-0.08850452483928695,-0.01219681503610042,-0.020435050286888003
KR,-,A,mom_bl,,0,0.001,0.2091291192711353,26,248,0.4192441923558574,0.36158472277006637,0.1502555414777293,2.2261647753429887,-0.0885807623579461,-0.01219681503610042,-0.020457149637672808
KR,-,A,mom_bl,,0,0.0025,0.2091291192711353,26,248,0.40272783352770514,0.34987276646560816,0.15031623443199663,2.1473504751702466,-0.08905317860330353,-0.01219681503610042,-0.020523447690027206
KR,-,A,stat_bl,,0,0.0,0.2236456161998558,26,248,0.4742751079174916,0.4096068760440129,0.20616150795586546,1.8554178750654216,-0.12137381711276407,-0.02015765993749276,-0.029591916207970786
KR,-,A,stat_bl,,0,0.0005,0.2236456161998558,26,248,0.46526027529625713,0.4034512425517642,0.20609612054108264,1.826138757640921,-0.12172511014005638,-0.02015765993749276,-0.029591916207970786
KR,-,A,stat_bl,,0,0.001,0.2236456161998558,26,248,0.45629801048164986,0.39729560905951533,0.2060385638607109,1.7967727647215022,-0.12207633374402649,-0.02015765993749276,-0.029591916207970786
KR,-,A,stat_bl,,0,0.0025,0.2236456161998558,26,248,0.4297237119578383,0.37882870858276907,0.20591293942439315,1.7081858990200154,-0.12324006388880471,-0.02015765993749276,-0.029591916207970786
