,025256_01W,025714_02W,030501_01W,030874_01W,104582_01W,104588_01W,104598_01W,104602_01W,104604_02W,104606_01W,104607_01W,104608_01W,104623_01W,133104_01W,137802_01W,203215_01W,203480_01W,204049_01W,207903_01W,207909_01W,207954_01W,208655_01W,208765_01W,208939_01W,211843_01W,221757_01W,234376_01W,236556_01W,240136_01W,245036_01W,246296_01W,246798_01W,247985_01W,251303_01W,252819_01W,255244_01W,271844_01W,273518_01W,273532_01W,274764_01W,274959_01W,285205_01W,293194_01W,294611_01W,297207_01W,298238_01W,315703_01W,316426_01W,318675_01W,318847_01W,320429_01W,322757_01W,324210_01W,324212_01W,327718_01W,334757_01W,338844_01W,340335_01W,348698_01W,349926_01W,349986_01W,350266_01W,350948_01W,352012_01W,369442_01W
2025-01-05,,0.02,0.02,0.02,0.02,0.02,0.02,0.02,0.02,0.02,0.02,0.02,0.02,0.02,0.02,0.02,0.02,0.02,0.02,,0.02,,0.02,,0.02,0.02,0.02,0.02,0.02,0.02,0.02,0.02,,0.02,0.02,0.02,0.02,0.02,0.02,0.02,0.02,0.02,0.02,0.02,0.02,,,,0.02,0.02,,0.02,0.02,,,,,0.02,0.02,0.02,,0.02,0.02,0.02,
2025-01-19,,0.02,0.02,0.02,0.02,0.02,0.02,0.02,0.02,0.02,0.02,0.02,0.02,0.02,0.02,0.02,0.02,0.02,0.02,,0.02,,0.02,,0.02,0.02,0.02,0.02,0.02,0.02,0.02,0.02,,0.02,0.02,0.02,0.02,0.02,0.02,0.02,0.02,0.02,0.02,0.02,0.02,,,,0.02,0.02,,0.02,0.02,,,,,0.02,0.02,0.02,,0.02,0.02,0.02,
2025-02-02,,0.02,0.02,0.02,0.02,0.02,0.02,0.02,0.02,0.02,0.02,0.02,,0.02,0.02,0.02,0.02,0.02,0.02,,0.02,,0.02,,0.02,0.02,0.02,0.02,0.02,0.02,0.02,0.02,,0.02,0.02,0.02,0.02,0.02,0.02,0.02,0.02,0.02,0.02,0.02,0.02,,,,0.02,0.02,,0.02,0.02,,,,0.02,0.02,0.02,0.02,,0.02,0.02,0.02,
2025-02-16,,0.02,0.02,0.02,0.02,0.02,0.02,0.02,0.02,0.02,0.02,0.02,,0.02,0.02,0.02,0.02,0.02,0.02,,0.02,,0.02,,0.02,0.02,0.02,0.02,0.02,0.02,0.02,0.02,0.02,0.02,0.02,0.02,0.02,0.02,0.02,0.02,0.02,0.02,0.02,0.02,0.02,,,,0.02,0.02,,0.02,0.02,,,,,0.02,0.02,0.02,,0.02,0.02,0.02,
2025-03-02,,0.02,0.02,0.02,0.02,0.02,0.02,0.02,0.02,0.02,0.02,0.02,,0.02,0.02,0.02,0.02,0.02,0.02,,0.02,,0.02,,0.02,0.02,0.02,0.02,0.02,0.02,0.02,0.02,0.02,0.02,0.02,0.02,0.02,0.02,,0.02,0.02,0.02,0.02,0.02,0.02,,,0.02,0.02,0.02,,0.02,0.02,,,,,0.02,0.02,0.02,,0.02,0.02,0.02,
2025-03-16,,0.02,0.02,0.02,0.02,0.02,0.02,0.02,0.02,0.02,0.02,0.02,,0.02,0.02,0.02,0.02,0.02,0.02,,0.02,,0.02,,0.02,0.02,0.02,0.02,0.02,0.02,0.02,0.02,0.02,0.02,0.02,0.02,0.02,0.02,,0.02,0.02,0.02,0.02,0.02,0.02,,,0.02,0.02,0.02,,0.02,0.02,,,,,0.02,0.02,0.02,,0.02,0.02,0.02,
2025-03-30,,0.02,0.02,0.02,0.02,0.02,0.02,0.02,0.02,0.02,0.02,0.02,,0.02,0.02,0.02,0.02,0.02,0.02,,0.02,,0.02,,0.02,0.02,0.02,0.02,0.02,0.02,0.02,0.02,0.02,0.02,0.02,0.02,0.02,0.02,,0.02,0.02,0.02,0.02,0.02,0.02,,,0.02,0.02,0.02,,0.02,0.02,,,,,0.02,0.02,0.02,,0.02,0.02,0.02,
2025-04-13,,0.02,0.02,0.02,0.02,0.02,0.02,0.02,0.02,0.02,0.02,0.02,,0.02,0.02,0.02,0.02,0.02,0.02,,0.02,,0.02,,0.02,0.02,0.02,0.02,0.02,0.02,0.02,0.02,0.02,0.02,0.02,0.02,0.02,0.02,,0.02,0.02,0.02,0.02,0.02,0.02,,,0.02,0.02,0.02,,0.02,0.02,,,,,0.02,0.02,0.02,,0.02,0.02,0.02,
2025-04-27,,0.02,0.02,0.02,0.02,0.02,0.02,0.02,0.02,0.02,0.02,0.02,,0.02,0.02,0.02,0.02,0.02,0.02,,,,0.02,,0.02,0.02,0.02,0.02,0.02,0.02,0.02,0.02,,0.02,0.02,0.02,0.02,0.02,,0.02,,0.02,0.02,0.02,0.02,0.02,,0.02,0.02,0.02,0.02,0.02,0.02,,,0.02,,0.02,0.02,0.02,,0.02,0.02,0.02,
2025-05-11,,0.02,0.02,0.02,0.02,0.02,0.02,0.02,0.02,0.02,0.02,0.02,,0.02,0.02,0.02,0.02,0.02,0.02,,,,0.02,0.02,0.02,0.02,0.02,0.02,0.02,0.02,0.02,0.02,,0.02,0.02,0.02,,0.02,,0.02,,0.02,0.02,0.02,0.02,0.02,,0.02,0.02,0.02,0.02,0.02,0.02,,,0.02,,0.02,0.02,0.02,,0.02,0.02,0.02,
2025-05-25,0.02,0.02,0.02,0.02,0.02,0.02,0.02,0.02,0.02,0.02,0.02,0.02,,0.02,0.02,0.02,0.02,0.02,0.02,,,,0.02,,0.02,0.02,0.02,0.02,0.02,0.02,0.02,0.02,,0.02,0.02,0.02,,0.02,,0.02,,0.02,0.02,0.02,0.02,,0.02,0.02,0.02,0.02,0.02,0.02,0.02,0.02,,,,0.02,0.02,0.02,,0.02,0.02,0.02,
2025-06-08,0.02,0.02,0.02,0.02,0.02,0.02,0.02,,0.02,0.02,0.02,0.02,,0.02,0.02,0.02,0.02,0.02,0.02,,,,0.02,,0.02,0.02,0.02,0.02,0.02,0.02,0.02,0.02,,0.02,0.02,0.02,0.02,0.02,,0.02,,0.02,0.02,0.02,0.02,,,0.02,0.02,0.02,0.02,0.02,0.02,,,0.02,,0.02,0.02,0.02,0.02,0.02,0.02,0.02,
2025-06-22,0.02,0.02,0.02,0.02,0.02,0.02,0.02,0.02,0.02,0.02,0.02,0.02,,0.02,0.02,0.02,0.02,0.02,0.02,,,,0.02,,0.02,0.02,0.02,0.02,0.02,0.02,0.02,0.02,,0.02,0.02,0.02,0.02,0.02,,0.02,,0.02,0.02,0.02,0.02,,,0.02,0.02,0.02,0.02,0.02,0.02,,,,,0.02,0.02,0.02,0.02,0.02,0.02,0.02,
2025-07-06,0.02,0.02,0.02,0.02,0.02,0.02,0.02,,0.02,0.02,0.02,0.02,,0.02,0.02,0.02,0.02,0.02,0.02,,,,0.02,,0.02,0.02,0.02,0.02,0.02,0.02,0.02,0.02,,0.02,0.02,0.02,0.02,0.02,,0.02,0.02,0.02,0.02,0.02,0.02,,,0.02,0.02,0.02,0.02,0.02,0.02,0.02,,,,0.02,0.02,0.02,,0.02,0.02,0.02,
2025-07-20,,0.02,0.02,0.02,0.02,0.02,0.02,,0.02,0.02,0.02,0.02,,0.02,0.02,0.02,0.02,0.02,0.02,,,,0.02,0.02,0.02,0.02,0.02,0.02,0.02,0.02,0.02,0.02,,0.02,0.02,0.02,0.02,0.02,,0.02,0.02,0.02,0.02,0.02,0.02,,,0.02,0.02,0.02,0.02,0.02,0.02,,0.02,0.02,,,0.02,0.02,,0.02,0.02,0.02,
2025-08-03,,0.02,0.02,0.02,0.02,0.02,0.02,0.02,0.02,0.02,0.02,0.02,,0.02,0.02,0.02,0.02,0.02,0.02,,,,0.02,,0.02,0.02,0.02,0.02,0.02,0.02,0.02,0.02,,0.02,0.02,0.02,0.02,0.02,,0.02,0.02,0.02,0.02,0.02,0.02,,,0.02,0.02,0.02,0.02,0.02,0.02,,0.02,,,0.02,0.02,0.02,,0.02,0.02,0.02,
2025-08-17,,0.02,0.02,0.02,0.02,0.02,0.02,0.02,0.02,0.02,0.02,0.02,,0.02,0.02,0.02,0.02,0.02,0.02,,,,0.02,0.02,0.02,0.02,0.02,0.02,0.02,0.02,0.02,0.02,,0.02,0.02,0.02,0.02,0.02,,0.02,0.02,0.02,0.02,0.02,0.02,,,0.02,0.02,0.02,,0.02,0.02,,0.02,,,0.02,0.02,0.02,,0.02,0.02,0.02,
2025-08-31,0.02,0.02,0.02,0.02,0.02,0.02,0.02,0.02,0.02,0.02,0.02,0.02,,0.02,0.02,0.02,,0.02,0.02,,,,0.02,0.02,0.02,0.02,0.02,0.02,0.02,0.02,0.02,0.02,,0.02,0.02,0.02,0.02,0.02,,0.02,0.02,0.02,0.02,0.02,0.02,,,0.02,0.02,0.02,,0.02,0.02,,0.02,,,0.02,0.02,0.02,,0.02,0.02,0.02,
2025-09-14,0.02,0.02,0.02,0.02,0.02,0.02,0.02,0.02,0.02,0.02,0.02,0.02,,0.02,0.02,0.02,0.02,0.02,0.02,,,,0.02,,0.02,0.02,0.02,0.02,0.02,0.02,0.02,0.02,,0.02,0.02,0.02,0.02,0.02,,0.02,0.02,0.02,0.02,0.02,0.02,,,0.02,0.02,0.02,,0.02,0.02,0.02,0.02,,,,0.02,0.02,,0.02,0.02,0.02,
2025-09-28,0.02,0.02,0.02,0.02,0.02,0.02,0.02,0.02,0.02,0.02,0.02,,,0.02,0.02,0.02,0.02,0.02,0.02,,,,0.02,,0.02,0.02,0.02,0.02,0.02,0.02,0.02,0.02,,0.02,0.02,0.02,0.02,0.02,0.02,0.02,0.02,0.02,0.02,0.02,0.02,,,0.02,0.02,0.02,,0.02,0.02,0.02,0.02,,,0.02,0.02,,,0.02,0.02,0.02,
2025-10-12,0.02,0.02,0.02,0.02,0.02,0.02,0.02,0.02,0.02,0.02,0.02,0.02,,0.02,0.02,0.02,,0.02,0.02,,,0.02,0.02,,0.02,0.02,0.02,0.02,0.02,0.02,0.02,0.02,,0.02,0.02,0.02,0.02,0.02,0.02,0.02,0.02,0.02,0.02,0.02,0.02,,,0.02,0.02,0.02,,0.02,0.02,0.02,0.02,,,,0.02,,,0.02,0.02,0.02,
2025-10-26,0.02,0.02,0.02,0.02,0.02,0.02,0.02,0.02,0.02,0.02,0.02,0.02,,0.02,0.02,0.02,,0.02,0.02,0.02,,0.02,0.02,,0.02,0.02,0.02,0.02,0.02,0.02,0.02,0.02,,0.02,0.02,0.02,0.02,0.02,,0.02,,0.02,0.02,0.02,0.02,,,0.02,0.02,0.02,,0.02,0.02,0.02,0.02,,,0.02,0.02,,,0.02,0.02,0.02,
2025-11-09,0.02,0.02,0.02,0.02,0.02,0.02,0.02,0.02,0.02,0.02,0.02,0.02,,0.02,0.02,0.02,,0.02,0.02,0.02,,0.02,0.02,,0.02,0.02,0.02,0.02,0.02,0.02,0.02,0.02,,0.02,0.02,0.02,0.02,0.02,,0.02,0.02,0.02,0.02,0.02,0.02,,,0.02,0.02,0.02,,0.02,0.02,0.02,0.02,,,0.02,,,,0.02,0.02,0.02,
2025-11-23,0.02,0.02,0.02,0.02,0.02,0.02,0.02,0.02,0.02,0.02,0.02,0.02,,0.02,0.02,0.02,,0.02,0.02,0.02,,0.02,0.02,,0.02,0.02,0.02,0.02,0.02,0.02,0.02,0.02,,0.02,0.02,0.02,0.02,0.02,,0.02,0.02,0.02,0.02,0.02,0.02,,,0.02,0.02,0.02,,0.02,0.02,0.02,0.02,,,,,,,0.02,0.02,0.02,0.02
2025-12-07,0.02,0.02,0.02,0.02,0.02,0.02,0.02,0.02,0.02,0.02,0.02,0.02,,0.02,0.02,0.02,,0.02,0.02,0.02,,,0.02,,0.02,0.02,0.02,0.02,0.02,0.02,0.02,0.02,,0.02,0.02,0.02,0.02,0.02,,0.02,0.02,0.02,0.02,0.02,0.02,,,0.02,0.02,0.02,,0.02,0.02,0.02,0.02,,,0.02,,,,0.02,0.02,0.02,0.02
2025-12-21,0.02,0.02,0.02,0.02,0.02,0.02,0.02,0.02,0.02,0.02,0.02,,,0.02,0.02,0.02,,0.02,0.02,0.02,,0.02,0.02,,0.02,0.02,0.02,0.02,0.02,0.02,0.02,0.02,,0.02,0.02,0.02,0.02,0.02,,0.02,0.02,0.02,0.02,0.02,0.02,,,0.02,0.02,0.02,,0.02,0.02,0.02,0.02,,,0.02,,,,0.02,0.02,0.02,0.02
