,015575_01W,015576_01W,015677_01W,015724_01W,017436_01W,017828_01W,019349_01W,063186_01W,100022_01W,100080_01W,100083_01W,100312_01W,100368_01W,100373_01W,100590_01W,100609_01W,100737_02W,100953_01W,101942_01W,102187_01W,103487_02W,132740_01W,202305_01W,204825_01W,208821_02W,212782_01W,220301_01W,220833_05W,221244_01W,221616_01W,241456_01W,243774_01W,269835_01W,273099_01W,281772_01W,315682_01W,317079_01W,318434_01W,326765_01W,340153_01W,351590_01W,354519_01W
2025-01-05,0.1,0.1,0.0,0.0,0.0,0.0,0.0,0.0,0.0,0.1,0.0,0.1,,0.1,0.0,0.0,0.0,0.0,0.0,0.0,0.1,0.1,0.1,0.0,0.1,0.0,0.0,0.0,0.0,0.0,0.0,0.0,0.0,0.0,0.0,0.0,,0.0,0.0,0.0,0.1,0.0
2025-01-19,0.1,0.0,0.0,0.0,0.0,0.1,0.0,0.0,0.0,0.0,0.0,0.1,,0.0,0.0,0.0,0.0,0.0,0.0,0.0,0.0,0.0,0.0,0.0,0.1,0.1,0.0,0.0,0.0,0.1,0.0,0.0,0.1,0.0,0.0,0.0,,0.1,0.0,0.1,0.1,0.0
2025-02-02,0.0,0.0,0.0,0.0,0.1,0.0,0.1,0.0,0.1,0.0,0.0,0.1,,0.1,0.0,0.0,0.0,0.0,0.0,0.0,0.0,0.1,0.0,0.0,0.0,0.0,0.0,0.0,0.0,0.0,0.1,0.0,0.1,0.0,0.0,0.0,,0.1,0.0,0.1,0.0,0.0
2025-02-16,0.1,0.1,0.1,0.0,0.0,0.0,0.0,0.0,0.0,0.1,0.1,0.1,,0.0,0.1,0.0,0.1,0.1,0.0,0.0,0.0,0.0,0.0,0.0,0.0,0.1,0.0,0.0,0.0,0.0,0.0,0.0,0.0,0.0,0.0,0.0,,0.0,0.0,0.0,0.0,0.0
2025-03-02,0.1,0.1,0.0,0.1,0.1,0.0,0.0,0.0,0.0,0.0,0.0,0.1,,0.1,0.0,0.0,0.0,0.0,0.0,0.0,0.0,0.0,0.0,0.1,0.0,0.0,0.0,0.0,0.0,0.0,0.1,0.1,0.0,0.0,0.0,0.0,,0.0,0.0,0.1,0.0,0.0
2025-03-16,0.0,0.0,0.1,0.1,0.0,0.0,0.0,0.1,0.0,0.0,0.0,0.0,,0.0,0.1,0.0,0.0,0.1,0.0,0.0,0.1,0.0,0.0,0.1,0.0,0.1,0.0,0.0,0.0,0.1,0.0,0.0,0.0,0.0,0.0,0.0,,0.1,0.0,0.0,0.0,0.0
2025-03-30,0.1,0.0,0.0,0.0,0.0,0.0,0.0,0.1,0.0,0.0,0.0,0.1,,0.0,0.1,0.0,0.0,0.1,0.0,0.0,0.0,0.0,0.0,0.0,0.0,0.0,0.0,0.0,0.0,0.0,0.0,0.1,0.0,0.0,0.1,0.1,,0.1,0.0,0.1,0.0,0.0
2025-04-13,0.0,0.1,0.0,0.0,0.0,0.1,0.1,0.0,0.1,0.1,0.0,0.0,,0.0,0.0,0.1,0.1,0.0,0.0,0.0,0.0,0.1,0.0,0.0,0.1,0.0,0.0,0.0,0.0,0.0,0.0,0.0,0.0,0.0,0.0,0.0,,0.0,0.0,0.1,0.0,0.0
2025-04-27,0.1,0.1,0.0,0.0,0.0,0.0,0.0,0.0,0.0,0.0,0.0,0.1,,0.1,0.0,0.1,0.0,0.0,0.0,0.0,0.0,0.0,0.1,0.0,0.0,0.1,0.0,0.1,0.0,0.0,0.0,0.0,0.0,0.1,0.0,0.0,,0.0,0.0,0.1,0.0,0.0
2025-05-11,0.1,0.0,0.0,0.0,0.0,0.0,0.0,0.0,0.0,0.0,0.0,0.1,,0.0,0.1,0.0,0.0,0.0,0.0,0.0,0.0,0.1,0.0,0.0,0.0,0.1,0.0,0.0,0.1,0.1,0.0,0.0,0.0,0.1,0.0,0.0,,0.0,0.0,0.1,0.1,0.0
2025-05-25,0.1,0.0,0.0,0.0,0.0,0.0,0.0,0.1,0.0,0.1,0.0,0.0,,0.0,0.0,0.0,0.0,0.0,0.0,0.0,0.0,0.1,0.1,0.0,0.0,0.0,0.0,0.1,0.0,0.0,0.1,0.0,0.1,0.0,0.0,0.1,,0.0,0.0,0.1,0.0,0.0
2025-06-08,0.1,0.0,0.0,0.0,0.0,0.0,0.0,0.1,0.0,0.1,0.0,0.0,,0.0,0.1,0.0,0.0,0.1,0.0,0.0,0.0,0.0,0.0,0.0,0.1,0.0,0.0,0.1,0.0,0.0,0.0,0.0,0.0,0.1,0.0,0.1,,0.0,0.0,0.0,0.0,0.1
2025-06-22,0.0,0.0,0.0,0.0,0.0,0.0,0.1,0.0,0.1,0.0,0.0,0.0,,0.1,0.0,0.0,0.0,0.0,0.0,0.0,0.0,0.1,0.0,0.0,0.0,0.0,0.0,0.1,0.1,0.0,0.0,0.0,0.0,0.0,0.0,0.0,,0.1,0.0,0.1,0.1,0.1
2025-07-06,0.0,0.1,0.1,0.0,0.0,0.0,0.1,0.0,0.1,0.1,0.0,0.1,,0.0,0.0,0.0,0.0,0.0,0.0,0.0,0.1,0.1,0.0,0.0,0.0,0.0,0.0,0.1,0.0,0.0,0.0,0.0,0.0,0.1,0.0,0.0,,0.0,0.0,0.0,0.0,0.0
2025-07-20,0.1,0.1,0.0,0.0,0.0,0.0,0.0,0.1,0.0,0.1,0.1,0.0,,0.0,0.0,0.0,0.0,0.0,0.0,0.1,0.0,0.0,0.0,0.0,0.0,0.0,0.0,0.0,0.0,0.1,0.0,0.0,0.0,0.0,0.0,0.0,,0.0,0.1,0.1,0.0,0.1
2025-08-03,0.1,0.1,0.0,0.1,0.1,0.0,0.1,0.0,0.1,0.0,0.0,0.0,,0.0,0.0,0.0,0.1,0.0,0.0,0.0,0.0,0.0,0.1,0.0,0.0,0.0,0.0,0.1,0.0,0.0,0.1,0.0,0.0,0.0,0.0,0.0,,0.0,0.0,0.0,0.0,0.0
2025-08-17,0.0,0.0,0.0,0.0,0.0,0.0,0.1,0.0,0.0,0.1,0.0,0.1,,0.0,0.0,0.0,0.0,0.0,0.1,0.0,0.0,0.0,0.1,0.0,0.0,0.1,0.0,0.0,0.0,0.1,0.0,0.0,0.0,0.0,0.1,0.0,,0.1,0.1,0.0,0.0,0.0
2025-08-31,0.0,0.1,0.0,0.0,0.0,0.0,0.0,0.0,0.0,0.0,0.0,0.1,,0.0,0.1,0.0,0.1,0.1,0.1,0.0,0.0,0.0,0.0,0.0,0.0,0.0,0.0,0.1,0.1,0.0,0.0,0.0,0.0,0.0,0.0,0.0,,0.1,0.0,0.1,0.0,0.0
2025-09-14,0.0,0.0,0.0,0.0,0.0,0.1,0.0,0.0,0.0,0.0,0.0,0.1,0.0,0.0,0.1,0.1,0.0,0.1,0.0,0.0,0.0,0.1,0.0,0.0,,0.1,0.0,0.0,0.0,0.0,0.0,0.0,0.0,0.1,0.0,0.0,0.0,0.1,0.0,0.1,0.0,
2025-09-28,0.0,0.0,0.1,0.0,0.0,0.0,0.1,0.1,0.0,0.0,0.0,0.0,0.0,0.0,0.0,0.0,0.0,0.1,0.0,0.0,0.0,0.0,0.0,0.0,,0.1,0.1,0.0,0.0,0.0,0.0,0.0,0.0,0.0,0.1,0.1,0.0,0.0,0.1,0.1,0.0,
2025-10-12,0.0,0.0,0.0,0.0,0.1,0.0,0.0,0.1,0.1,0.0,0.1,0.0,0.0,0.1,0.0,0.1,0.0,0.0,0.0,0.1,0.0,0.1,0.0,0.0,,0.0,0.0,0.0,0.0,0.0,0.0,0.0,0.0,0.0,0.1,0.0,0.0,0.0,0.1,0.0,0.0,
2025-10-26,0.1,0.1,0.0,0.0,0.0,0.1,0.0,0.0,0.1,0.0,0.0,0.0,0.0,0.0,0.0,0.1,0.1,0.1,0.1,0.1,0.0,0.0,0.0,0.0,,0.0,0.0,0.0,0.0,0.0,0.1,0.0,0.0,0.0,0.0,0.0,0.0,0.0,0.0,0.0,0.0,
2025-11-09,0.0,0.0,0.0,0.1,0.0,0.0,0.0,0.1,0.0,0.1,0.0,0.0,0.0,0.1,0.0,0.0,0.0,0.1,0.0,0.0,0.0,0.0,0.0,0.0,,0.0,0.0,0.0,0.0,0.1,0.0,0.1,0.1,0.0,0.0,0.1,0.0,0.0,0.0,0.0,0.1,
2025-11-23,0.1,0.0,0.0,0.0,0.0,0.1,0.0,0.0,0.1,0.1,0.0,0.0,0.0,0.0,0.0,0.0,0.1,0.0,0.0,0.1,0.0,0.1,0.0,0.0,,0.0,0.1,0.0,0.1,0.0,0.0,0.0,0.0,0.0,0.0,0.0,0.0,0.0,0.0,0.1,0.0,
2025-12-07,0.1,0.1,0.1,0.1,0.0,0.0,0.0,0.0,0.0,0.1,0.1,0.0,0.0,0.0,0.1,0.0,0.0,0.1,0.0,0.0,0.0,0.0,0.0,0.1,,0.0,0.0,0.0,0.0,0.0,0.0,0.0,0.0,0.0,0.0,0.0,0.0,0.1,0.0,0.0,0.0,
2025-12-21,0.1,0.1,0.0,0.0,0.0,0.0,0.0,0.0,0.0,0.1,0.0,0.0,0.0,0.1,0.0,0.1,0.0,0.1,0.0,0.0,0.0,0.1,0.0,0.0,,0.0,0.0,0.1,0.0,0.0,0.0,0.1,0.0,0.0,0.0,0.0,0.0,0.0,0.0,0.1,0.0,
