,002721_01W,004925_01W,005650_01W,005691_01W,006494_01W,007114_01W,007471_01W,007652_01W,007908_01W,009818_01W,010137_01W,010275_01W,015659_02W,015668_01W,015779_02W,015933_01W,018467_01W,019043_01W,019112_01W,019413_01W,019661_01W,100012_01W,100048_01W,100226_01W,100245_01W,100253_01W,100336_01W,100369_01W,100433_01W,100435_01W,100441_01W,100522_01W,100545_01W,100555_01W,100658_01W,100697_01W,100718_01W,101138_01W,101846_01W,101940_01W,102146_01W,102450_01W,102717_01W,103228_01W,201491_01W,201584_01W,204222_01W,206197_01W,208124_01W,212948_01W,213193_01W,214509_01W,222398_01W,223150_02W,223528_01W,248136_02W,252940_03W,257664_01W,273961_01W,294309_01W,296288_01W,318510_01W,320611_01W
2025-01-05,0.013950891813702017,0.008735984006117803,0.03672582775833974,0.01651627698451479,0.00867948757918591,,0.019098144068806028,,0.02925611759158833,0.04234800888758978,0.03178374039167991,,0.022193931454871578,0.008358494124204075,0.010975606582440971,0.00881532824781406,0.01187447257785291,0.011518167954186672,0.013116073068909615,,0.09434902881685321,0.014994726926544534,0.009582253890761727,0.009898292634884514,0.015032626521480824,,0.017024153085302463,,0.015314017954083093,0.02412277806731825,0.023825704244770218,,,0.02115303638767092,0.026934443392204365,0.021630240162924957,0.013764005652953135,0.01156154010116924,0.008329332302001287,,0.00924835183136721,0.025545879723588124,,0.034537044572080816,0.010224167405561837,0.02262571407135752,0.028597439722411706,0.008717179281306891,0.008329882372826848,0.03276709484327913,0.012776060669835589,,,0.019568777828467512,0.01656598350511991,0.02125020192482463,0.04828485014673459,,0.013744326564942335,0.008501905792214468,0.009416859185254365,0.037363083316658885,0.010472464009440727
2025-01-19,0.013794572221584365,0.008832130792560636,0.037252354012685014,0.016089924830413903,0.009282598474174442,,0.018886426093170223,0.008730801465238084,0.028498878707739466,0.04360325896405199,0.031287657933734295,,0.02103656141860645,,0.0107706568760977,0.00888452609639502,0.012883113702382583,0.011200211226624306,0.012944603242030157,,0.09680237040530165,0.015965053939274724,0.00955866739495693,0.009991449590681325,0.013673363287570723,,0.016822467596492828,0.00822143235055266,0.015058688493576442,0.02346408479662439,0.023304376497136167,,,0.02063931099896262,0.025473397162391196,0.01995313430241397,0.013801644539067489,0.011097992888575598,0.008397200597769213,,0.008942653583219856,0.027382928593943066,,0.03371074454029878,0.009994682402266176,0.023428333405566337,0.028513495596847644,0.008755902300605587,,0.03346980056661855,0.012991883951926844,,,0.019683448096548192,0.01637748930407416,0.022541306201496126,0.049210719694664395,,0.013256884380519503,0.008367316586671397,0.009256956596549057,0.037167321769902194,0.010745221529445573
2025-02-02,0.0144888373825194,,0.041387229722828385,0.016258977932746218,0.009381780990516671,0.009422556876580262,0.01738486123321079,0.00879938031432314,0.027874141260497635,0.04774629586671956,0.03127547251280694,,0.020919404649251416,,0.011001036214106268,0.009018330069330376,0.013362947376301428,0.010563554331029552,0.011904124485909025,,0.09282489325308052,0.014948484341670386,0.009217637105263198,0.011073514829109841,0.014588784397706724,,0.014580018647086645,0.008541153029194157,0.013962336474006957,0.02159080743391157,0.02551251340893307,,,0.020752101268984312,0.024534822755950328,0.019720562137327674,0.013838710065456103,0.010113185792080495,,,0.008673115768145613,0.030602343447945626,,0.03237259471455835,0.010306909790036917,0.02296517994016781,0.02968571496644037,0.008896209865613172,,0.03308836296331033,0.012144844637750753,,,0.020841747518666322,0.016064179327182057,0.023008105333523245,0.04914724429829169,0.009544937303565388,0.013180762604458982,0.008690690809019918,0.0084733643547776,0.03467632011614177,0.011048916081965026
2025-02-16,0.014731276535426817,,0.03746992145615561,0.016044961420493255,0.009264702210423642,0.009977841594929607,0.01810466730197251,0.008609854579339793,0.028721559482308995,0.050161538389172325,0.032132979335482606,,0.022856508972694884,,0.010982259244588153,0.009561224819405668,0.01300762906213915,0.010635114097056728,0.012287790070673037,,0.09265390458243601,0.014623497258901646,0.00935698661445781,0.010921937159364823,0.013564522988479395,,0.014349825109065073,0.00908933987341785,0.01319978759363293,0.023057559867570437,0.02742376530543963,,,0.021906324137191353,0.022763595337277957,0.01945149528423316,0.015041770891288898,0.010038985172195158,0.008861280284966579,,0.008601035154954651,0.03161719438242798,,0.031520310188897935,0.008883537024767447,0.023400639324366587,0.026529715216099682,,,0.03156511565492156,0.012120786963535388,,,0.022242801862991404,0.01636119051068375,0.023137879580620576,0.05009764658575059,0.010056962865742057,0.012181817632259038,0.009176144617536968,0.008821039991676273,0.03167223070305863,0.01115954570752799
2025-03-02,0.014085933925717447,,0.036225259831540436,0.01660274103237135,0.009176920887476583,0.009546250354534337,0.017410874680508132,0.008984965325311497,0.029003361558910624,0.046917563247565526,0.032574748326676985,,0.02393527134693448,,0.011461438905921011,0.009728072681642197,0.013352900685775186,0.013088111705186705,0.012262473224610925,,0.09407554823920948,0.018699864571757818,0.009331876455158086,0.010625347866837791,0.013698637661079911,,0.014492579696406114,0.009241438006236355,0.013039229275833668,0.02348831339327007,0.02505503646422671,,0.008724919768955883,0.02250950959525293,0.021969293212876943,0.019026536775391782,0.015290935101351953,0.01056759218961548,0.00899797961392915,,0.008851982635211496,0.02890961574678762,,0.032383481131718524,,0.02257779878931578,0.024979757727272397,,,0.03150957668990139,0.012189672173902355,,,0.02182155934949203,0.01695839013494566,0.0231387215679674,0.05235296983492539,0.009169945748820504,0.012245339245449292,0.009359505118895188,0.009119632995321548,0.030397279350315977,0.010843246151683892
2025-03-16,0.013723271790483703,,0.03604289777554117,0.015620175092314822,0.009075581766187555,0.009646584978347573,0.018266254045997653,0.0093948744201486,0.02835477100640595,0.0503241093858541,0.03265775445764081,,0.025451504067877512,,0.012058770611067911,0.010009255301754541,0.013815831459535544,0.012807931398810089,0.011857470978020854,,0.0911099207473702,0.019031382839457354,0.00915762698264324,0.010134435419876573,0.011468461059194192,,0.014955522824965428,0.009392214983282965,0.012965183871880078,0.02415095429786956,0.025255957304982778,,0.008894593904348427,0.023498699808898123,0.02168449442407121,0.01868550581768868,0.015180098111844757,0.010521489854274311,0.009147327646532533,,0.008954568970389109,0.030056375921749038,,0.03127865868890664,,0.022870564778973108,0.024868140300506426,,,0.031090460490583418,0.01173729416554972,,,0.021625996480120962,0.017938167381202807,0.02276624936815891,0.05435014478176632,0.008944244989345724,0.01240625602094638,0.009532260519379169,0.009520274499641915,0.026864491466753456,0.010854942740858093
2025-03-30,0.013550624233712234,,0.03525167049551084,0.016735649899203637,0.009063139805436292,0.008806134519612253,0.018347100908831786,0.009715399093033691,0.031931344477158556,0.04841287020754751,0.028716116761988857,,0.022911994618960867,,0.01113812912223184,0.010122677019839068,0.013828195674224561,0.013225501661732392,0.011686022529570274,,0.09213349756722397,0.020203269192109023,,0.009441811944016776,0.010400504402536596,,0.014282235755466454,0.009509672381835766,0.012421342381458342,0.02497622581289768,0.0254403390853933,0.00930135259687371,0.008885471276467367,0.02397680569810895,0.02232689496221834,0.018521053423152817,0.015082150749588264,0.011173484351456663,0.009347253293528597,,0.009555167494804742,0.03142838871452235,,0.03288690926223505,,0.026130465008273887,0.02377858848706246,,,0.03492282353862248,0.013466227289481226,0.008826359706555391,0.008604183459113573,0.024058591445742492,0.019711969246988037,0.019643521538383706,0.04783454889696853,,0.01238635908847735,,0.008946828968442955,0.02775933384718581,0.009193798104212648
2025-04-13,0.012875180907541361,,0.0382137618132054,0.016913280493791157,0.008550445086949746,0.008660794078158104,0.01825653841609952,0.009737259821313307,0.029782586040979084,0.04844369236019072,0.028486755338578577,,0.02398323229292899,,0.01142251808974857,0.010117595242494988,0.014214763306398683,0.012462319883891767,0.011779886205864601,,0.09467986737754212,0.020666196668937604,,0.00971090615713878,0.010243448190192456,,0.014981331192638546,0.009402321886242892,0.012751233678149957,0.025174030601254737,0.030957594279113494,0.008750919688914402,0.00932027993604993,0.02400385247367426,0.022333096830665238,0.017896642397872912,0.01515579138680582,0.010466961718448803,0.009318852355024675,,0.009115759914759802,0.03299107167155345,,0.03322727177510874,,0.024616524202229123,0.02366026561719623,0.008647650012472198,,0.03315098853022666,0.012252828824028757,0.008304250789267971,,0.022632915357702916,0.019404591111980684,0.019549467511881576,0.04665631696881255,,0.01217077350256169,,0.008305715154823633,0.026517099179920546,0.009082573678672254
2025-04-27,0.013188253368941732,0.008587064831426594,0.0380107295460664,0.016698880299973556,0.00863820470975539,0.009087342873735036,0.0179303630070662,0.010954740296328922,0.029710163013320242,0.0470075134653032,0.028390635473431056,,0.024016670298094754,,0.011182445831538289,0.010070693581060447,0.014836868906738288,0.01283699525240784,0.011994789064892573,,0.09163620089406056,0.019658920871578816,,0.008501106800796604,0.010942540375597767,,0.01444014658806609,0.009238871216690644,0.013074401042117857,0.0252669428824572,0.02944037378768023,0.008644820025312092,0.009813302023715676,0.023683839534313217,0.022693709832334832,0.0187807078814242,0.01437030563308989,0.010004957124792643,0.009425259883053273,,0.008768071990424285,0.032747767628270835,,0.0327389976236333,,0.02490872761125433,0.02326590892219764,0.011938080214452005,,0.03308140383829618,0.012617559433057961,,,0.022941089917472027,0.01949440035019142,0.019670322675254568,0.04662319971991417,,0.012468529984313642,0.008419146590918964,,0.02873594790678934,0.008822085376397231
2025-05-11,0.012504490315914883,0.008452454944483632,0.03729843365577191,0.016049901938757456,0.00876878808009174,0.008544416419956102,0.018390904248318046,0.010977736606938506,0.029261759350267823,0.04853696129286604,0.03010832929339457,,0.023830515390504303,,0.011163844644092744,0.008914665005618494,0.014734996767518247,0.013521966161939517,0.01187411299267184,,0.08879928616771168,0.023192268109812904,0.00833196113487877,0.008636122169043947,0.011188808224743722,,0.015392544642103915,0.009335514542334132,0.013205802637134416,0.025516523215523643,0.02720173017282563,,0.0100191289488708,0.02522993571082922,0.022997990992816426,0.01931188114561426,0.014199853167959594,0.009936927516561224,0.009527375499882203,,0.008545786106613475,0.03283950667536798,,0.03196387159987412,,0.02263315297033526,0.023512384592539227,0.011982797668168857,,0.032098305887867336,0.012018449134944528,,,0.02211281759965331,0.01906355513816162,0.020976281277738356,0.0502336859667298,,0.012125581643119589,0.008488760423925401,,0.02795484508022772,0.008492287126981104
2025-05-25,0.012182861155051105,0.00828806688405121,0.039033072018607735,0.015688273218090992,0.009008652583400558,0.00815369246654695,0.01821272578097052,0.01113134598930058,0.03041672467786063,0.049956703308523545,0.02975983626608145,,0.025403950020354834,,0.011770190770211615,0.00863242737536038,0.014822692842017895,0.013075027420991914,0.011906652876668833,,0.0887740458492495,0.02480975213839311,,0.008659450431243951,0.0128742066277805,,0.013991244112065069,0.008979969696786404,0.011980307924226528,0.025167955063837472,0.027111702715307766,,0.010093383459624163,0.024504160126280906,0.023638955991266586,0.019035811602705874,0.014481585189784915,0.010113096018852437,0.009317075401269774,,0.008175422455561559,0.03276635288473161,,0.029936230063225752,,0.02138952333198355,0.02293844290221452,0.011865515487612863,,0.03292454451535853,0.012507871629378995,,0.008097379578477388,0.022273942829241226,0.01835317053406767,0.021032639696745334,0.050204009809673156,,0.01236445279022274,0.008767655882094194,,0.026937253648723854,0.008489993957921358
2025-06-08,0.01200705781178162,,0.03908039199285639,0.016068078238911696,0.008961345821403868,,0.018154489910209133,0.011940269423409823,0.029482371831925706,0.04742206155659009,0.02972929416018276,,0.023930817562047183,,0.01087590614683257,0.008661940614686878,0.015098359546481751,0.013584601172840766,0.011985826919904196,,0.08450179128754584,0.024882349245559546,,0.008659597856845376,0.016101972817334963,,0.013396717154334596,0.0091286416886838,0.012385768490487154,0.025503127906850748,0.025805164951628094,0.008261549886524637,0.010281948474756995,0.024193782051764538,0.024183335757231143,0.01870569013993214,0.014584348977034856,0.01006362874162874,0.009395919538473015,,0.008303850665883544,0.0353432468364645,,0.029210000921596316,0.008505023244144474,0.0214824670233996,0.028217364015884226,0.01199320908243321,,0.031314271387784386,0.012316967065687924,,0.008403019433520635,0.022227371531961526,0.018654677799164385,0.021151981776214947,0.050500911009077214,,0.012489225055935473,0.008480389772168523,,0.025985745674550538,0.00840213002744796
2025-06-22,0.01155397455587186,,0.038549193613151816,0.01592312516776543,0.009410379682899614,,0.018203053041122554,0.011225022354149294,0.0291243772166263,0.04740025866515295,0.029972210603955263,,0.023847152927311602,0.008035196836219638,0.010487606038966502,0.008319415703901626,0.014954742781235137,0.013624612036683977,0.011814530191514485,,0.082013688031006,0.023936881878851575,,0.0087403797315535,0.017092468507543885,0.008312201316496664,0.012759942121986412,0.00896282410709381,0.0119288948383303,0.024964654496582965,0.025002217922888263,0.008012425660190666,0.010356304620940535,0.024542615062482665,0.026785610369947054,0.020219629184235373,0.014762868548676573,0.010968289450292004,0.009395411369897426,,,0.035826755759052815,,0.028972115182933474,0.00918912508517094,0.02174930102576578,0.03287212339919426,,,0.03169646911305238,0.01191673760946607,,0.008690821215580336,0.022198744558593095,0.01763049989437897,0.02130307734058012,0.05083183128621017,,0.012241966456253108,0.008441123996537821,,0.026812086690966765,0.008425062750740182
2025-07-06,0.011174945513052504,,0.04166787450878121,0.016441556809580593,0.009757829694991284,,0.0181604504699515,0.011516077765008962,0.02861391339035646,0.045911271904290965,0.029267675632729192,,0.023834222168943264,0.008087839744050912,0.010505268012037229,0.008461305859173008,0.014026228267773984,0.013762564144450847,0.011926611538754479,,0.08322004926708124,0.022684964011200973,,0.00889972637614708,0.017944976093788707,0.008406787867237557,0.014273140765376387,0.00895538920569747,0.013163545080684201,0.025071136194371926,0.02462690278090301,,0.010278777139384859,0.02422541518263251,0.02750598392948885,0.01945791464131105,0.014462647629625354,0.011088493197385446,0.009411715220602222,,,0.03527309100678785,,0.02832737442259133,0.00972793771153607,0.021604363149883142,0.0345695501469452,,,0.029527629906997168,0.01174457634803853,0.00784830422633073,0.00907963366118165,0.021887987894216157,0.01801347431222263,0.021719543854928403,0.04973338717835679,,0.010542984662800951,0.008726246946078335,,0.026476111365976707,0.008404603198283098
2025-07-20,0.011747566485497806,,0.03958648214771293,0.016797744822896418,0.009425214342859973,,0.01821308877073894,0.01246468847290992,0.02847878461432168,0.04565569163252756,0.02995840513414521,,0.024123542299352818,,0.010607034949527139,0.00853196557017107,0.014272697662454807,0.01490382383169185,0.012273567779631492,,0.08681433869305441,0.024521631880396723,0.008664561195196162,0.009141889128192564,0.015788198716982595,0.008232636044999648,0.01405586030224455,0.008971348532811358,0.012113586972310771,0.0250509011794089,0.024862628215210413,,0.010301194656572482,0.02457115294942419,0.021317400815033128,0.01747950855749444,0.013534709463157078,0.011116798531760029,0.009499295485588446,,,0.03299810741853495,,0.027883052201516937,0.00960554638195079,0.021395659293091736,0.034355583361645986,,,0.030114772669515236,0.011532151825848921,,0.00954618922378557,0.021597182250092356,0.01849927461352109,0.02257688129206263,0.05178187258572238,,0.01059802491712699,0.009059749850668241,0.008169560775564662,0.02867999655942952,0.008528454943644499
2025-08-03,0.011025891503629714,0.008463355663460116,0.03710203021436842,0.016381924358801106,0.009081118214926416,,0.018014406874892905,0.011838833357475492,0.027965800917261172,0.050011645293673676,0.03139046495114757,,0.02433912864183409,0.00841080299126248,0.010967944579889508,0.008470028336822342,0.013734744030037974,0.014514384266396486,0.01159920257622683,,0.08541279610691395,0.024993448653171536,0.008558540466654226,0.008926508732328428,0.016396258990759027,,0.013194274995164052,0.00887361384237136,0.012596234747689923,0.023999608079217413,0.01986134394205472,,0.010278518674596606,0.024176146418614115,0.019217331024440138,0.017406146793753487,0.013290758198319206,0.011024190729093726,0.009233948207500817,,,0.03543379544016335,,0.02554760535514847,0.00870095976956223,0.020868742937085943,0.0460124812626275,,,0.029689065090143584,0.011960321530604251,,0.009574185132157671,0.021742954783617156,0.017977295664620044,0.023624073859214376,0.05428193215665108,,0.009897055958381707,0.008828084417177653,,0.026539553864874606,0.008570517403221357
2025-08-17,0.011188008520398302,0.00842156967692843,0.035772225808589304,0.01671828753281097,0.009238511117280416,,0.019196809756963553,0.01193568197636237,0.02720458720584562,0.048420117472750025,0.030110693286763728,,0.023872011328365438,0.008589128582398027,0.010737557290921032,0.008569808205723327,0.01428186967177343,0.014474334097473193,0.011987357739967732,,0.08750636151112903,0.024415353804480594,,0.00920595807825675,0.017248465068802628,,0.01289130004974323,0.009222293660182741,0.012736931061332741,0.02566302561360233,0.021074855165165902,0.008423083530356345,0.010932781020161222,0.026057761331003744,0.01879420949879912,0.017443087121648333,0.013563372425281755,0.010513181963200112,0.00968497552275348,,,0.03333252909503578,,0.02662915559208934,0.00864618033943745,0.02059685438403389,0.04600649631653237,,,0.028546522688694356,0.012217581363253066,,0.009591908363244918,0.021048412077761546,0.018080161839270713,0.023727984021812566,0.05256853136094505,,0.009610519314620354,0.008752725926529599,,0.02587222242155327,0.008676659197970771
2025-08-31,0.0110497308274781,0.008481173438930475,0.035099482646210475,0.016309626151134175,0.009308278561659453,,0.01982864874732046,0.011815803102493506,0.02738547402434537,0.049359604868973485,0.029616733460990006,,0.02338903341151398,0.008602416680297993,0.010517819524055694,,0.014660622267706213,0.015251424000445704,0.011660246294347688,,0.08545246422286286,0.024120895691448294,,0.009296667544216758,0.020014319149428816,,0.012572215616069712,0.009348891012523373,0.013618853061890852,0.025465021136272668,0.02106363661525464,0.008523693081369145,0.01103143098337573,0.025961618586638223,0.019947193371185896,0.016415209695566937,0.013386179349821215,0.009726531632411616,0.009807089278286114,,,0.03463165525592261,,0.025600511417550056,0.008341655683691869,0.019570692528179327,0.050183431885111714,,,0.02879476125001467,0.0121176134582482,,0.009416542771128217,0.020548028527786207,0.017767750204602986,0.022882676194738057,0.05172832962493341,,0.009632932967428865,0.008590043381601957,0.008649163511614663,0.02483803189692164,0.008618151403999932
2025-09-14,0.010940521432380631,0.008597638088950458,0.03346892150384529,0.01615697794252408,0.009366507267075639,,0.020564001116989084,0.011904074535821641,0.026717905973812347,0.050240033691386,0.03035364380243719,,0.02251032005958697,0.008540888783771048,0.01018057409720156,,0.013800738381635477,0.01495125774605716,0.01208207488131282,,0.08698510266634372,0.02414442052336141,,0.010217108826144223,0.020559835985135336,,0.011758673220570445,0.009229465372706979,0.012981407472404713,0.02532191440376136,0.0195741203488285,0.008469736368969433,0.011574643744688244,0.026996008465075425,0.02321822064764648,0.01767762950200698,0.013094693066002448,0.009493959558911988,0.009853897085717605,0.00825372765439576,,0.03131058010724239,,0.02506455244457635,0.009392361554835527,0.018973899160024194,0.051375295471676324,,,0.026899572537923327,0.011823592414606244,,0.009547559083063253,0.020374270394756817,0.018256346518159668,0.023480436239274444,0.053589783792187914,,0.00976449270659791,0.008205081665275879,,0.02390781676178822,0.008253714930553083
2025-09-28,0.010676277113024277,,0.03660733247861852,0.014871877455687691,0.009166446389149908,0.008308671314169574,0.01953534879775393,0.011876016832420126,0.0250458404351911,0.04966109029506014,0.027867598644468312,,0.022153646588422428,,0.009808825524709951,0.008149527796038824,0.01445646632170146,0.01502187365910708,0.01157951426979914,,0.08287334588115994,0.024653624396009637,0.008500240940373422,0.01009873704333207,0.024734563237562106,,0.013935941861519257,0.008816087976206793,0.013524767128443796,0.024497867752076935,0.02273167448680678,0.008131058254354383,0.01154647116487211,0.026087385258713663,0.024997541292667177,0.018037884700562883,0.012159235555830152,0.009309196074033542,0.009797890396871735,0.008350374601596985,,0.029115469009297037,0.008868984380420221,0.026608722894243445,0.01053977508452522,0.01784891550311066,0.05919303643128336,,,0.029665953013774293,0.0116384030000105,,0.009220811127652497,0.018621549200915858,0.017754266729641963,0.02143567025634695,0.04991526551278604,,0.009009830990727975,,,0.022993104946948152,
2025-10-12,0.010713697657166624,,0.03693966446363068,0.01485650873054897,0.00946111879524469,0.007965402664035169,0.01939263521861058,0.012227291715552901,0.025534365084388253,0.04750032782110128,0.02745251103022896,0.00867333721323196,0.02027562911857073,,0.00925556277600109,,0.01413668634793398,0.014931151633519088,0.011745423960988764,,0.08715764419485322,0.026349323451019393,0.008463249570912471,0.010454379451639477,0.023091653498395245,,0.01338816883167259,0.008527578862104935,0.013926292153973084,0.024471768673315943,0.020548039598048636,0.00804681487665378,0.011152493988531152,0.026177696563378705,0.025192697759934775,0.017181336138255236,0.012061154897586177,0.00948106891815745,0.009867820617430164,0.008419608738493609,,0.02942583778885659,0.009358554101239737,0.026175455133511914,0.010228729227976983,0.017987456062302433,0.06194532906730106,,,0.031076082353858444,0.011081946540378394,,0.011547997976997883,0.01842999678641746,0.017544139632343882,0.021463266754380848,0.04757364016450619,,0.009256599142136316,,,0.021884864252682126,
2025-10-26,0.010205433911529461,,0.04097345119174318,0.014566598953752442,0.008532626814637862,,0.020382479204828816,0.013019879494072453,0.02383069661039694,0.04558945057636743,0.027944258269662563,0.008434944128923655,0.019655763559496896,,0.008958569519996015,,0.01442335743830564,0.015805245600266745,0.010554153828685065,0.00809114285573142,0.08572162014501629,0.026125049548322964,0.008652199955581015,0.011111334414333374,0.026617322132778964,,0.011105225988545953,0.008525573197611257,0.01519362596315126,0.026234602034976847,0.02182553488034347,0.00794676363212152,0.011540212166876668,0.0255051336806733,0.02692605677067215,0.015647930244291022,0.011575441435212231,0.01008899690132913,0.00994832673380775,0.008920437161046593,,0.031431960063083596,0.01051321711025991,0.02328278650958829,0.00915864916016482,0.018810038894594695,0.05393508503066841,,,0.031688064588634234,0.009749363060986008,,0.011080437095588647,0.018253711633980162,0.019313519499908838,0.021868306855741874,0.04861575756711197,,0.009017028281774093,,,0.023102635702826106,
2025-11-09,0.010579875147985284,,0.03817424892822221,0.014370356601320758,0.008510594712847474,,0.020499735579957146,0.014659010440981978,0.024700768651344195,0.04903265661169043,0.0303594615173981,,0.01895748592004634,0.008387691507240983,0.009770800109230794,0.008309686267101844,0.0151280811553085,0.015543954916111873,0.010646842166282451,,0.08653595941112296,0.023007013497835772,0.008366104105874045,0.010532445968026126,0.024822864380547597,,0.012399329178562513,0.009118181243721775,0.01402766601108661,0.025393319628803285,0.024855551620236532,0.008696798581366802,0.011343312399720563,0.026071688108129397,0.0251802070398185,0.015801861187215903,0.012487970290045575,0.010142417757037617,0.010162365280995274,0.008880219192363521,,0.030555771918950363,0.009067773010053477,0.023405197704746913,0.008427775955188966,0.020139853881860702,0.043171271956003274,,,0.030849311311702415,0.009787684024218844,,0.01406339188816006,0.01980064243131654,0.020414649646354865,0.02274108523657625,0.050915428575365546,,0.009878581281092149,,,0.02132505606282891,
2025-11-23,0.01045682909857481,,0.0387189157952534,0.013889944233346701,,,0.02117703822156324,0.013512648567272354,0.02411857160363159,0.046107670772418924,0.03303969136228797,,0.018506574987836467,0.008616558380607925,0.009092745755642557,,0.014474119263354466,0.01634094155990108,0.010083649965503915,0.009171962215577787,0.08288414732817201,0.023839772915513934,0.010083979916488293,0.011479735736973851,0.026784479450541417,,0.011330708557702747,0.008646406427419913,0.014192870559496548,0.02521069085963227,0.023924712036273933,0.008431325924740714,0.012310292002477713,0.02610647048054791,0.02705075772653736,0.016517604269171204,0.012143052900602684,0.009998759859124334,0.010273447387404482,0.00911430085691986,,0.02809561228507063,0.008832901056245802,0.022843366375214804,0.008652459463351242,0.019388206371684164,0.0476605768430329,,,0.031249359160193266,0.009036541504680636,,0.012149651685506302,0.017845781823186184,0.019871952213826607,0.024402959097679186,0.05195467522739227,,0.009448175338670959,,0.008609081912642941,0.02232732266310775,
2025-12-07,0.01072294637047441,,0.038868013452980486,0.014201410251083986,,,0.022748660378152194,0.012810973442233189,0.02455831485315727,0.04243055796900811,0.03345092964502376,,0.01989180707508626,0.008968064843939786,0.00967131202938397,0.008493673147374578,0.015409432712120995,0.016777601668007482,0.010758715040085612,0.008644586829144254,0.09342475763737572,0.02262373015949614,0.009684960802944606,0.010854637388083914,0.025404222289600254,,0.010798992060728553,0.008857065905915654,0.01412183708980945,0.025716523033526856,0.0240481385705282,0.008562123844981449,0.012579723231300055,0.02517368397966416,0.02541952737760508,0.01641809206166077,0.012653496791629333,0.009916742500740833,0.011294278328742403,0.009730259252631228,,0.02389263467419131,0.008499482073274441,0.023292143234007672,,0.019601483872685937,0.04221847107482301,,,0.030976450467660302,0.008909206456717314,,0.012059581147838219,0.017944796465550607,0.01994875118958344,0.024198118824965562,0.05021729799182892,,0.0099951411228848,,0.008650177547097574,0.02390647184266988,
2025-12-21,0.010594376567714583,,0.0385053493033833,0.01390462968365773,,0.008515402619773309,0.02313076305408878,0.012420027407606808,0.02448251076993842,0.0424281411188059,0.03333853583210747,,0.019288116578660724,0.009080148066274387,0.009424653676475138,0.00854679614996162,0.015371799639743023,0.01661171798395238,0.010770228183934973,0.00860959681204887,0.09088150834494232,0.022210853920990953,0.010247184377210738,0.010924548864473598,0.02579134813550288,,0.010873768472572397,0.008599647617207367,0.013933397503823655,0.02683307115602192,0.023729314958776695,,0.012511094000292922,0.024770450359903246,0.027751438960850736,0.016584038852135777,0.013188550695799744,0.010091007276548032,0.011240592560795128,0.009604356241734835,,0.023590695570869447,0.0088465114494164,0.023634228083738506,0.008956257911039628,0.019447061358714168,0.04308872228618522,,,0.03106565708612043,0.008947235150172985,,0.011821049854136062,0.017645699793274697,0.019339417469576032,0.02433223953491105,0.050725171756567794,,0.010049558447817079,,,0.023721528499750132,
