a,b,diff,ci_lo,ci_hi,p_value
bl_empirical,ew,-2.877559816627681,-4.9699335306518355,-0.9498320581056061,0.004
bl_empirical,mom_bl,-0.3690242092849436,-1.8773989554482235,0.7654135206001805,0.486
bl_empirical,mvo_hist,-2.5557932450202108,-4.485405115091641,-0.5669920189980456,0.011
bl_empirical,stat_bl,-2.5258100677353443,-4.439173402623236,-0.5640490712002585,0.014
llm_topk,mom_topk,0.020202847634306798,-0.3909973404192529,0.4928517300912132,0.917
llm_topk,ew,-0.12745608810079523,-1.38344887555328,0.8423589742691798,0.69
bl_empirical,bl_constant,-0.7045999367044511,-1.6078925148269048,-0.06253924479190172,0.036
bl_empirical,bl_he_litterman,-1.146338283350705,-2.3367521175701316,-0.2931155971400975,0.008
bl_empirical,bl_shuffle,-2.4990518419469034,-4.016227997650388,-1.2137378947715365,0.0
bl_calibrated,bl_constant,-0.13392881290517877,-0.9211103176121852,0.8425122525097946,0.769
bl_linear,bl_constant,-0.4933510644744885,-1.0908558052939372,-0.0514518048108773,0.019
bl_linear,bl_he_litterman,-0.9350894111207424,-1.785888820574855,-0.2853364552029223,0.005
bl_empirical_lv,bl_constant_lv,-0.9695518127016718,-1.8443496262565742,-0.17517116345994235,0.013
bl_empirical_lv,bl_he_litterman,-0.5816117769383764,-1.41642530775122,0.21734902561281338,0.157
bl_empirical_lv,bl_shuffle_lv,-0.9569534349001656,-2.4016442321450087,0.040050455389309236,0.061
bl_calibrated_lv,bl_constant_lv,-0.4338102526399968,-0.8202572561196377,-0.12546259079131006,0.005
bl_linear_lv,bl_constant_lv,-0.5155125410222916,-1.0048810733391758,-0.041228053767389826,0.034
bl_linear_lv,bl_he_litterman,-0.12757250525899622,-0.6288507799064031,0.3247976925254821,0.582
bl_empirical_cap10,bl_constant_cap10,-0.593479396290759,-1.2166371926947663,-0.09004107332930135,0.024
bl_empirical_cap10,bl_he_litterman_cap10,-0.5084266902743046,-1.1060659746717936,-0.027867892504664208,0.034
bl_empirical_cap10,bl_shuffle_cap10,-0.16113458997875652,-0.692509629753319,0.2553133708757533,0.499
bl_calibrated_cap10,bl_constant_cap10,-0.6090923716583161,-1.3164126683723667,0.0905437758307546,0.101
bl_linear_cap10,bl_constant_cap10,-0.560305367304535,-0.9857415117025468,-0.18515172341330188,0.002
bl_linear_cap10,bl_he_litterman_cap10,-0.4752526612880805,-0.9090572649526055,-0.12290616051662781,0.008
bl_empirical_lv_cap10,bl_constant_lv_cap10,-0.4879564724967101,-1.0911460852285046,-0.009748798818470152,0.046
bl_empirical_lv_cap10,bl_he_litterman_cap10,-0.5696739995081559,-1.1543879996363042,-0.11644682085468469,0.006
bl_empirical_lv_cap10,bl_shuffle_lv_cap10,-0.27637152769732515,-0.7685140006989705,0.13961911364037324,0.203
bl_calibrated_lv_cap10,bl_constant_lv_cap10,-0.23951715507368154,-0.4536973510280972,-0.058702575516134343,0.008
bl_linear_lv_cap10,bl_constant_lv_cap10,-0.21819871368065008,-0.45105876107800513,-0.03518222778007437,0.024
bl_linear_lv_cap10,bl_he_litterman_cap10,-0.2999162406920958,-0.6620963026031931,-0.046938136440503146,0.017
bl_empirical_qc,bl_constant_qc,-0.4052609197697974,-0.8699234462841976,-0.13602158518531512,0.001
bl_empirical_qc,bl_he_litterman_qc,-1.1678425022268617,-2.141246330461048,-0.42649634973768735,0.001
bl_empirical_qc,bl_empirical,0.00875820088420598,-0.5112926542975349,0.48727236980307115,0.893
bl_empirical_lv_cap10_qc,bl_constant_lv_cap10_qc,-0.4005353322299054,-0.8841677806561953,0.0053196205069132125,0.057
bl_empirical_lv_cap10_qc,bl_he_litterman_cap10_qc,-0.5137129315082186,-1.056249849081853,-0.09911168590259081,0.011
bl_empirical_lv_cap10_qc,bl_empirical_lv_cap10,-0.01935240754595352,-0.2662525831830152,0.1802226965861493,0.895
bl_empirical_lv_cap10,ew,-1.1999446664151825,-2.7939798480558053,-0.018564524372886596,0.046
bl_empirical_lv_cap10,mom_bl_cap10,-0.3937066481497419,-1.0607305450333953,0.3161162610569789,0.274
bl_empirical_lv_cap10,prior_cap10,-0.3736081242035312,-1.9619415703428265,0.8802302716494438,0.562
bl_empirical_d1.5,bl_constant_d1.5,-0.7103283263030484,-1.626604496220408,-0.0648867422800453,0.035
bl_empirical_d1.5,bl_he_litterman_d1.5,-1.1524954114911372,-2.3578833281482914,-0.2895211262431792,0.009
bl_empirical_lv_cap10_d1.5,bl_constant_lv_cap10_d1.5,-0.48784347315581134,-1.0911850359444264,-0.0083113827586071,0.047
bl_empirical_lv_cap10_d1.5,bl_he_litterman_cap10_d1.5,-0.569834099931138,-1.1527970099674782,-0.11903513362558213,0.006
bl_empirical_d3.5,bl_constant_d3.5,-0.6958391058280815,-1.584991754025636,-0.06122714929998031,0.036
bl_empirical_d3.5,bl_he_litterman_d3.5,-1.1384319564205692,-2.310957481009009,-0.2869346462528979,0.008
bl_empirical_lv_cap10_d3.5,bl_constant_lv_cap10_d3.5,-0.4861162016270856,-1.089439211509283,-0.0073087704446841055,0.047
bl_empirical_lv_cap10_d3.5,bl_he_litterman_cap10_d3.5,-0.5692579344609511,-1.1551946179662982,-0.11609337470940882,0.006
bl_empirical_dest,bl_constant_dest,-0.6744225817435352,-1.53915780761467,-0.05121099548807163,0.036
bl_empirical_dest,bl_he_litterman_dest,-1.1086282647841221,-2.2469111030942743,-0.263043332183731,0.01
bl_empirical_lv_cap10_dest,bl_constant_lv_cap10_dest,-0.4890968611582156,-1.0855450050580278,-0.010991433027520084,0.046
bl_empirical_lv_cap10_dest,bl_he_litterman_cap10_dest,-0.5703252947165854,-1.165352022609599,-0.11161796488406782,0.006
