period,delta_est
2024-09-01,13.044063359097713
2024-09-15,16.2224516235756
2024-09-29,15.223243758396382
2024-10-13,17.96868994000635
2024-10-27,16.448540362174658
2024-11-10,15.19570091008424
2024-11-24,17.156882374465408
2024-12-08,14.518879743574116
2024-12-22,14.640662276533877
2025-01-05,13.185167864747807
2025-01-19,12.032978011351373
2025-02-02,12.810300856097319
2025-02-16,10.742136326754357
2025-03-02,6.7235658546719534
2025-03-16,5.988361519243759
2025-03-30,3.2559925119786555
2025-04-13,4.271788879575584
2025-04-27,3.9479876488059307
2025-05-11,3.928671991342963
2025-05-25,4.317694867314872
2025-06-08,3.2663590430245604
2025-06-22,3.9818317995113772
2025-07-06,3.6546280569490945
2025-07-20,4.948287458045096
2025-08-03,5.723292228747842
2025-08-17,4.996113329667298
2025-08-31,6.50811974034446
2025-09-14,5.624168672926097
2025-09-28,5.106049169138303
2025-10-12,5.365042754888342
2025-10-26,5.514827313358227
2025-11-09,4.6271898729790015
2025-11-23,5.043529588958399
2025-12-07,4.251843261530712
2025-12-21,4.628066193651713
