label,n_draws,seed,quarter,tau
mom_bl,,0,2024Q3,
mom_bl,,0,2024Q4,
mom_bl,,0,2025Q1,1.0
mom_bl,,0,2025Q2,0.1
mom_bl,,0,2025Q3,0.021544346900318832
mom_bl,,0,2025Q4,0.01
stat_bl,,0,2024Q3,
stat_bl,,0,2024Q4,
stat_bl,,0,2025Q1,0.1
stat_bl,,0,2025Q2,0.1
stat_bl,,0,2025Q3,10.0
stat_bl,,0,2025Q4,10.0
bl_empirical,,0,2024Q3,
bl_empirical,,0,2024Q4,
bl_empirical,,0,2025Q1,10.0
bl_empirical,,0,2025Q2,4.6415888336127775
bl_empirical,,0,2025Q3,0.001
bl_empirical,,0,2025Q4,0.001
bl_constant,,0,2024Q3,
bl_constant,,0,2024Q4,
bl_constant,,0,2025Q1,0.021544346900318832
bl_constant,,0,2025Q2,0.021544346900318832
bl_constant,,0,2025Q3,0.001
bl_constant,,0,2025Q4,0.001
bl_shuffle,,0,2024Q3,
bl_shuffle,,0,2024Q4,
bl_shuffle,,0,2025Q1,0.001
bl_shuffle,,0,2025Q2,0.001
bl_shuffle,,0,2025Q3,0.001
bl_shuffle,,0,2025Q4,0.001
bl_he_litterman,,0,2024Q3,
bl_he_litterman,,0,2024Q4,
bl_he_litterman,,0,2025Q1,0.021544346900318832
bl_he_litterman,,0,2025Q2,0.021544346900318832
bl_he_litterman,,0,2025Q3,0.021544346900318832
bl_he_litterman,,0,2025Q4,0.001
bl_calibrated,,0,2024Q3,
bl_calibrated,,0,2024Q4,
bl_calibrated,,0,2025Q1,10.0
bl_calibrated,,0,2025Q2,0.0021544346900318843
bl_calibrated,,0,2025Q3,0.0021544346900318843
bl_calibrated,,0,2025Q4,0.0021544346900318843
bl_empirical_N5,5.0,0,2024Q3,
bl_empirical_N5,5.0,0,2024Q4,
bl_empirical_N5,5.0,0,2025Q1,2.154434690031882
bl_empirical_N5,5.0,0,2025Q2,0.001
bl_empirical_N5,5.0,0,2025Q3,0.001
bl_empirical_N5,5.0,0,2025Q4,0.001
bl_empirical_N5,5.0,1,2024Q3,
bl_empirical_N5,5.0,1,2024Q4,
bl_empirical_N5,5.0,1,2025Q1,2.154434690031882
bl_empirical_N5,5.0,1,2025Q2,0.01
bl_empirical_N5,5.0,1,2025Q3,0.001
bl_empirical_N5,5.0,1,2025Q4,0.01
bl_empirical_N5,5.0,2,2024Q3,
bl_empirical_N5,5.0,2,2024Q4,
bl_empirical_N5,5.0,2,2025Q1,4.6415888336127775
bl_empirical_N5,5.0,2,2025Q2,0.046415888336127774
bl_empirical_N5,5.0,2,2025Q3,0.001
bl_empirical_N5,5.0,2,2025Q4,0.001
bl_empirical_N10,10.0,0,2024Q3,
bl_empirical_N10,10.0,0,2024Q4,
bl_empirical_N10,10.0,0,2025Q1,2.154434690031882
bl_empirical_N10,10.0,0,2025Q2,2.154434690031882
bl_empirical_N10,10.0,0,2025Q3,0.001
bl_empirical_N10,10.0,0,2025Q4,0.001
bl_empirical_N10,10.0,1,2024Q3,
bl_empirical_N10,10.0,1,2024Q4,
bl_empirical_N10,10.0,1,2025Q1,10.0
bl_empirical_N10,10.0,1,2025Q2,2.154434690031882
bl_empirical_N10,10.0,1,2025Q3,0.001
bl_empirical_N10,10.0,1,2025Q4,0.001
bl_empirical_N10,10.0,2,2024Q3,
bl_empirical_N10,10.0,2,2024Q4,
bl_empirical_N10,10.0,2,2025Q1,10.0
bl_empirical_N10,10.0,2,2025Q2,10.0
bl_empirical_N10,10.0,2,2025Q3,0.001
bl_empirical_N10,10.0,2,2025Q4,0.001
bl_empirical_N20,20.0,0,2024Q3,
bl_empirical_N20,20.0,0,2024Q4,
bl_empirical_N20,20.0,0,2025Q1,10.0
bl_empirical_N20,20.0,0,2025Q2,4.6415888336127775
bl_empirical_N20,20.0,0,2025Q3,0.001
bl_empirical_N20,20.0,0,2025Q4,0.001
bl_empirical_N20,20.0,1,2024Q3,
bl_empirical_N20,20.0,1,2024Q4,
bl_empirical_N20,20.0,1,2025Q1,10.0
bl_empirical_N20,20.0,1,2025Q2,4.6415888336127775
bl_empirical_N20,20.0,1,2025Q3,0.001
bl_empirical_N20,20.0,1,2025Q4,0.001
bl_empirical_N20,20.0,2,2024Q3,
bl_empirical_N20,20.0,2,2024Q4,
bl_empirical_N20,20.0,2,2025Q1,10.0
bl_empirical_N20,20.0,2,2025Q2,4.6415888336127775
bl_empirical_N20,20.0,2,2025Q3,0.001
bl_empirical_N20,20.0,2,2025Q4,0.001
