,10104,10107,11308,11850,12060,12490,13407,13447,13721,13856,14541,14542,14593,14702,15579,17830,18143,18163,18542,18576,19788,20482,20894,22111,22752,26403,38703,43449,47896,48486,50876,53613,55976,59176,59408,61241,62092,65875,66093,66181,69032,70519,75510,76076,77178,78975,83443,84788,86580,86868,87055,88352,89071,89393,90215,90319,91233,91937,92602,92611,92655,93002,93436
2025-01-05,0.0,0.0,0.0,2.055855585735883e-18,0.13155891217352564,0.0,0.0,0.0,0.0,6.499059214391987e-19,0.2288175415017962,0.0,1.1733345900836354e-18,,,,0.0,0.0,0.0,,,3.0948940256057665e-18,,3.4092377212874525e-18,0.0,0.0,0.023890379267906953,5.011764829841736e-18,0.0690576329071068,,2.176496211700102e-18,,0.0,1.0809784474098965e-17,0.0,1.1198131062458384e-18,1.0313576736557988e-17,,,0.0,0.20599484691716266,,2.79751098680022e-19,0.0,,,0.0,0.0,3.3521594713520454e-18,0.165247704366247,0.0,0.08018517283841721,0.0,0.0,8.709932211207649e-19,0.0,0.0,0.0,5.287358889358288e-19,4.189324972025976e-19,1.8243842116164004e-18,0.0,0.09524781002783743
2025-01-19,4.4094548653968455e-18,0.0,3.68204188106498e-18,0.0,0.12334783595502508,0.17137931832221245,0.24953501685695373,0.0,1.764569150325626e-17,6.224830666560682e-18,0.0,0.0,4.6627282799820395e-18,,,,6.279720530660441e-18,0.0,,,,0.08178724480956767,,0.0,0.0,1.8070271146305406e-18,0.0,9.800407897413848e-18,0.0,,1.3767245628569093e-17,,0.0,9.340143553520203e-18,0.0,0.0,0.0,,,0.0,0.0,,5.0383591402664956e-18,0.0,9.01349124377061e-19,,2.885802561424958e-18,1.3301003261245821e-17,0.0,5.501109059898201e-18,0.0,9.041228263888833e-18,0.10547705089924685,0.1773376335329757,9.77604462418028e-18,5.1725445702128174e-18,0.0,0.0,0.09113589962401844,0.0,2.9963390158999216e-18,0.0,0.0
2025-02-02,5.948065408006908e-19,2.6632032327930603e-18,0.0,0.0,0.0,1.3234016852099234e-18,2.311742546759804e-19,3.0902233867880986e-19,0.0,2.3149147418090057e-18,0.0,1.580771112516703e-18,1.0029104931457823e-18,,,,0.0,2.545777520783694e-18,,,0.32745032142715813,0.0,,0.0,0.0,5.709016253810098e-18,2.1590818852628586e-18,2.030329485758922e-18,0.0,,3.936525421740902e-18,,2.3669685919023615e-18,5.189439349508116e-18,2.9536988713857485e-18,,0.0,,,0.0,2.196652024135013e-18,,6.899392725705108e-18,3.544145544889905e-18,8.189272477642772e-19,,4.452674472872821e-19,5.3103718295831965e-18,0.10475843597203079,0.0,0.0,6.7676396410754724e-18,2.754885241603535e-18,9.114375860277732e-18,2.3064319251599325e-18,0.0,1.9712245839527765e-18,0.4280728899151879,0.13971835268562308,0.0,1.1507645100847176e-18,0.0,2.2816182406997558e-18
2025-02-16,4.0839675512163094e-18,0.0,0.0,0.0,0.0,0.0,5.710575081279528e-18,0.0,0.20974308453783394,0.057625984459549216,6.966936927500042e-18,1.4772044340296335e-18,0.0,,,,0.0,1.3566298440196994e-17,,,6.652864122138162e-18,8.935482201598419e-18,,0.07208595772158492,0.357811508238217,8.047883041180657e-18,7.744623272055504e-19,0.0,1.9926621144585238e-18,,0.04778480712695308,,0.0,8.881145739696929e-20,0.0,,0.0,,0.13492272112532114,0.0,3.2921300982327605e-18,,2.5133950030427915e-19,0.0,,,0.04213828838126801,0.0,5.288795687550734e-18,0.0,0.0,0.0,3.827749705329621e-18,2.8004636423058973e-18,2.901924057151913e-18,1.3302144745674255e-18,0.0,3.332687209745535e-18,0.0778876484092727,0.0,0.0,0.0,4.414238727169776e-18
2025-03-02,0.0,2.6248430147447863e-18,1.7311229630937743e-16,0.19700201414712065,0.0,0.0,0.0,4.92336657019033e-18,0.12192901161580123,3.167695965261583e-17,0.1703732652773546,3.1965224693787744e-19,0.0,,,8.93552378763589e-18,1.785849304919193e-17,0.0,,,0.03765175077625236,6.345456888200142e-18,,0.0,0.19189080337040149,1.789410415566521e-18,0.0,5.141244775083505e-18,0.0,,2.202170262935913e-18,,0.0,0.0,2.3665980839993313e-18,,1.8059044517940797e-18,0.07708177888831788,1.2724284291709487e-17,1.2675503391214634e-19,0.0,,,3.523375722904488e-18,3.9609477928215417e-19,,0.0,0.0,0.07115350365064825,,0.0,,1.0445313525477543e-18,0.0,2.622882737966834e-18,8.08261245359748e-19,1.1537864107693178e-18,1.1707881271126808e-18,0.0,4.003637574572268e-18,0.11020354066497136,0.022714331609132082,0.0
2025-03-16,0.0,1.177577948752001e-18,1.206415023120149e-17,0.09327957569301498,0.0,2.301373292982269e-18,0.0,,0.0,1.7091881385199076e-18,0.183561894434323,0.0,0.0,,,5.668688316996106e-19,0.0,2.594069703823486e-18,,,0.0,0.020135561627644256,,3.558572393027884e-18,0.0,0.0,5.490213697071165e-21,5.606515207161251e-18,0.0,,0.0,,0.0,0.0,0.0,,0.0,0.011748245168402673,0.3224624854840158,0.0,0.0,,,1.2048420620263931e-18,,,0.0,0.0,0.0,0.0,0.0,0.0,0.0,0.0,2.5223135348530696e-18,5.601408754870368e-19,0.0,0.10552046728984708,0.07668816937436139,0.0,0.13218711673968891,0.0,0.05441648418870192
2025-03-30,0.0,0.004453046204640437,0.00729035725056829,3.4958554640457316e-18,4.712084394763615e-19,0.0,1.741996879380539e-18,4.3103088565611444e-19,0.0,5.862411649532726e-19,0.0,7.6486132845099e-19,6.194051241033554e-18,,,1.0291980870534322e-18,0.0,1.8025895674337284e-18,,,0.0,1.0352829169816939e-18,,1.175320056301459e-18,4.645063035636554e-18,,1.082837727232698e-18,0.0,2.2886769643578923e-18,,0.0,,0.33692253288621876,0.0,0.0,,0.0,0.0,0.0,4.286439748880385e-18,0.0,,,0.0,,0.0,0.0,0.0,0.0,,4.113830420836859e-18,1.3573780031387403e-19,0.0,1.8938539368158223e-18,0.0,1.6441867381554316e-19,7.246146822024031e-19,6.002455279825654e-18,0.016911186293901027,0.0,0.5421228156785498,0.09230006168612154,0.0
2025-04-13,0.0,0.0,0.0,0.0,0.0,1.2979541687575194e-19,0.0,0.017148329062827178,0.09365701033019909,1.3490898355149305e-18,0.0,0.0,3.0491243013924617e-18,,,0.0,0.0,0.0,,,0.16414870945299925,2.116445601059398e-19,,0.0,0.011392300605922804,,0.0,0.0,0.0,,0.3009955987021109,,0.0,0.0,0.057149543186499556,,,0.0,0.0,1.1973960323404367e-19,0.0,,,1.6803685112117034e-18,,0.0,0.0,0.0,7.779341771654337e-19,0.009566715963661996,0.0,0.0,0.0,0.20373909696152828,0.0,0.0,0.0,9.34095550808105e-19,0.14220269573425087,0.0,2.9652713460549587e-18,0.0,0.0
2025-04-27,0.031868879030013585,0.20443858421023028,4.674055987036902e-18,6.442720313147885e-18,0.053811639079940396,0.12247914039473523,0.0,0.0,0.0,0.0,0.0,0.0,3.230168369743808e-18,,,,4.55766090201891e-18,2.2402464023001765e-18,,,2.8427322288376895e-18,0.12474332684079284,,0.0,0.0,0.2118533220839002,0.0,1.7202630556405862e-18,2.480732517034981e-18,,0.0,,2.5143898494672742e-18,0.005905312519642662,0.000541363356324915,,,0.031190255875666945,0.08446487796326484,1.6140287186394118e-18,3.7017259135882885e-19,,,0.0,,4.6999143723813836e-18,0.0,0.0,0.0,4.1235148721008706e-18,4.447305998330744e-18,1.132248674519783e-18,0.022329811140215358,1.8881982071481705e-17,0.0,0.0,0.0470002372884203,0.030922925506831025,3.1814291388145847e-18,0.0,1.5326569726572911e-18,0.02845032471002128,6.913094826114611e-18
2025-05-11,3.013520406703191e-18,0.0,0.0,0.0,2.8555716381436875e-18,0.0398097422449978,1.8956453416713147e-19,0.0,0.0,,1.1211168497387096e-18,0.16809077441416317,0.0,,,,3.4485924075975183e-18,0.16384952050981105,,1.1649201963223977e-18,0.0,1.0738481811409704e-18,,0.0,1.0097887231420327e-17,0.0,0.0,1.6344826911879023e-17,3.870162007125169e-18,,0.0,,0.0,0.0,0.0,,,3.3728388477188057e-19,3.32168328142435e-18,0.0,0.0,,,1.418906993114742e-17,,0.1282731877442428,6.910785340150838e-19,0.0,0.007977899538463727,0.0,1.3903414539942738e-19,0.0,0.0,1.759340715322782e-19,0.0,0.18600627713947787,0.0,4.282111866294581e-18,0.24519589542364906,1.934031208094251e-18,0.0,0.06079670298519452,5.559222571004627e-19
2025-05-25,0.13653245016773682,4.032502177446817e-18,0.0,7.327834136475887e-19,0.1643532567956011,0.014147021153431619,0.01446218623937624,0.0,0.08752257801439618,,4.935968694811935e-18,0.0,0.0,,,0.035891457230380334,2.2746970536573306e-18,0.0,,,6.799441178771396e-18,4.1755004996589844e-18,,0.045469417712426866,0.004334393918191095,2.99298433764357e-18,0.0,0.0,4.398119316677024e-19,,0.0763980263703943,,0.0,4.4349487065110165e-18,0.0,5.249387428667596e-19,,,0.026105888912181074,0.0,0.0,,,8.743597512305134e-18,,0.23102071005743438,0.0,0.0,4.82670144461613e-18,0.0,0.0,0.0,2.037014976205662e-19,0.0,0.0,0.0,0.0,0.08908458815593799,0.05733002687662829,6.818072295902158e-19,0.017347998395883635,0.0,7.026446008635548e-18
2025-06-08,0.09702297403991571,0.0,1.829001990187438e-17,0.5195532882789854,0.0,0.019734063251727427,0.0,1.0554556874531752e-17,7.702905695510542e-19,,0.11084612801912862,0.0,0.0,,,0.11109110628782115,0.0,1.3768099088425325e-17,,,0.04937545926687463,1.0630341274611206e-17,,0.0098371990565728,0.0,3.5258839029991734e-19,2.6922941959218875e-18,0.0,7.504009389027362e-18,,0.0,,0.0,0.0,1.1281808722708802e-17,1.5893952222946933e-17,,,7.291918842286777e-18,0.0,0.0,,,0.0,,0.0,3.802465977770775e-18,0.0,0.0,0.0,0.0,5.128820513107454e-18,0.0,0.0,0.0,0.0,0.0,0.0,1.348002793676782e-17,0.0,0.0671281077802159,2.3632700692834315e-18,0.0154116740187585
2025-06-22,0.08678235235963176,3.5337402269578426e-19,2.3506902413387836e-18,1.664973787078043e-19,2.1035652689454523e-18,2.6120795330753255e-18,3.461124183579355e-18,0.0,0.0,,0.0,1.894041695892366e-18,0.014256279701167333,,0.002229922138641415,,0.0,0.0,,0.038656857058951284,0.0,0.0,,2.0478104941188084e-18,0.0,0.0,0.07598759144828439,1.2107523691129247e-19,1.6970859143963247e-18,,4.600089001859094e-18,,1.4849777219277417e-18,0.1760381620861227,0.05796028381326667,6.306572551202566e-18,,,8.169655862540271e-18,0.03516314838178752,0.025708591820238068,,,0.0,,3.633688550875088e-18,2.4289753203832436e-18,2.391302975489843e-18,0.0,0.19244342849878734,6.320707413509871e-18,,3.65781778759789e-18,0.0,0.0,4.07612304284518e-18,0.0,0.29477338269312137,0.0,0.0,0.0,1.3277688050957328e-17,5.415556736216796e-19
2025-07-06,0.0,1.8021910079965797e-17,2.562361103607948e-17,5.550117822541928e-18,0.0,2.7330024286850832e-18,1.2862834646868578e-17,5.604184594560783e-18,0.0,0.16059708541043494,9.84687311970277e-19,0.052962300797322476,6.7161325913911594e-18,,8.632611627820514e-18,0.12707627260242957,0.0,0.007208818021961715,0.0,,0.09009484461644308,0.0,,0.24771883226753247,0.0,4.299592072211685e-18,1.786622072958856e-18,0.07379870588656565,0.0,,0.0,,0.0,4.267719437707977e-18,0.0,0.05952413499310313,,,,0.0,7.085989875536224e-18,,,0.0,,0.0,1.306454970931916e-18,0.0,0.09107876823166958,4.1518090545576625e-18,0.0,,,0.0,0.0,0.06378920156910585,0.0,5.634109604270027e-19,0.026151035603431474,6.267933704152101e-19,2.5754618908917838e-18,0.0,3.439380318558327e-18
2025-07-20,1.0987774185115275e-18,0.10135542814445032,0.0,0.0,6.75181949209971e-18,0.0,0.03738861936678275,2.815997672608721e-18,0.06193939723461106,1.0186797526747998e-19,2.8148590141124677e-18,0.08375862957536413,0.0,,,0.08877064797106653,0.0,0.0,4.930708000670073e-19,,1.74656541913287e-18,0.10347934284502894,,0.1225253325791367,4.054415659817846e-18,0.0,1.8270674500643888e-18,0.06779133708992713,0.0,,5.0038576502816016e-18,,0.026896987458778412,1.1390561709941925e-18,2.33334794652378e-18,0.013405617397031036,,,0.09429871305855148,0.10410357132321194,7.289487105768963e-19,,,1.0256482527260842e-18,,2.139906744896509e-18,0.0,0.0,1.4432432969745958e-18,7.032798507789984e-20,1.8262159148780236e-18,,,0.0,0.0,0.0,3.2520338494628218e-18,0.09428637595605961,5.013738159367679e-19,7.59200207134687e-18,0.0,1.2093301634057326e-18,0.0
2025-08-03,0.0,8.038516181304853e-19,2.6798562808586143e-19,8.944037082912267e-19,0.0,5.774180503793574e-19,0.0,,0.0,0.08686834170956395,0.0,0.0,0.24330030935467975,,,5.80656789948202e-19,5.66074393105515e-19,2.938404610468525e-18,1.2663630376629922e-18,0.0,0.0,0.0,,4.344729741853704e-18,0.06263822790385036,0.0,0.0,2.012121654478342e-18,8.029365968033996e-20,,1.689370957312623e-19,,0.0,2.2780163162191097e-18,9.849893962309293e-19,0.0,,,3.8479367905770777e-19,0.0,1.4875967438865687e-18,,,5.114296628394585e-19,,2.6539426815997823e-18,0.0,0.0,6.284209590945895e-19,0.0,1.1051732408141607e-18,,,1.0099867162854897e-17,1.1141632914968071e-18,0.11579019387664131,4.686327760210884e-19,0.1031129661710758,0.0,0.0,0.38828996098418894,1.0778250146394084e-18,0.0
2025-08-17,2.2267876364901343e-18,0.0,0.0,0.2907766396642916,0.0,0.0,1.511891829007505e-18,0.15870749663764303,0.0,8.467726391859818e-18,1.8806316366789225e-17,0.0,0.0,,,0.0,0.0,0.04150476759331708,0.0,0.0,0.0,2.0212586093778423e-17,,0.04920226689577815,0.0,0.0,0.11485048327327173,0.0310099721324296,0.0,,0.011842106343476957,,0.0,7.478097730210214e-18,0.09451546742591027,0.0,,,0.05668304146125375,6.495833690651807e-18,0.0,,,2.9162724555551344e-18,,,0.09818076524914747,0.0,3.4278803556967318e-18,0.0,0.0,,,0.0,0.002516224940149529,2.8823911376649624e-18,0.0,3.576649994201223e-18,0.0,3.836439432647772e-19,0.05021076838333077,0.0,1.2001837044179227e-18
2025-08-31,0.02924306442890641,0.0,1.0057525631629019e-17,1.2729284641116642e-18,2.771543480205365e-21,0.0,0.0,3.4544758262419524e-19,0.018490741205165032,6.739109320610626e-18,0.0,0.1262898143749028,6.799994547532438e-19,,,2.805426837246504e-19,1.5507522516952876e-18,2.2399472723559e-18,0.0,1.6210749650885258e-18,0.0,0.0,,0.02385425035377577,0.0,3.5841376726705845e-18,1.6592902421334818e-18,0.0,0.0,,0.00660592965234524,,0.09290440153665054,0.0,0.0,1.3591131752032672e-17,,,7.477222366486758e-18,0.0,0.0,,,2.0600972780328603e-18,,,0.0,1.2969953820888403e-19,0.0,1.0847382090563724e-19,0.0,,,0.0,4.870767325268933e-19,0.165623935234913,6.815561878313762e-19,0.0,7.712336191575279e-18,1.329535167072343e-18,0.281222865706533,0.028002548012741175,0.2277624494940671
2025-09-14,2.3549875987914494e-18,0.0,6.768120212710653e-18,0.10853445559483164,1.3469799772212396e-18,0.36698593088936643,3.0487822846255157e-18,3.3502068711305995e-18,0.0,,0.0,0.0,0.05822066858206791,,,0.09063361276039983,2.0534989360243185e-18,1.9858976584382208e-18,0.0,0.0,2.4213685429748453e-18,0.0,0.23596567084843473,0.0,0.0,4.111190370313943e-19,0.03591790770854821,0.0,0.0,,0.0,,0.0,2.3720940193463797e-18,1.318644376968216e-17,3.082914291058095e-18,,,0.0,0.0,6.922916525415582e-19,,,6.362581408237583e-19,,,1.8595117313426346e-19,0.0,0.0,4.616768232394768e-18,1.2982407591361528e-18,,,0.0,3.086532290157763e-18,4.873606926926759e-18,0.0,1.439199071074704e-19,2.5316196199402944e-19,2.561433701977662e-18,5.276497702916122e-18,1.4455515348772145e-18,0.10374175361635136
2025-09-28,3.5235500556378374e-19,0.0,0.0,0.0,1.3280481553951777e-18,1.2645859870089563e-18,0.0,,3.055652928104502e-18,0.1810567012574455,0.0,0.0,0.0,,,1.864316687963819e-18,1.6594003345506903e-18,6.521566639701937e-19,3.0540805629090026e-18,0.0,1.2856912469610933e-18,0.0,,0.12019473024266818,0.0,9.741324913234938e-19,1.1534430895978734e-18,4.6110469433627065e-18,0.0,,0.29639761062015585,0.19151149097839115,0.0,4.3077881160092545e-18,0.0,0.19729878482541635,0.0,,,0.0,0.0,,,2.908180030923811e-18,,,3.8823755444666716e-18,0.0,8.910971432560549e-19,5.217588207181162e-18,0.0,,,0.0,0.0,0.0,2.8111348286332456e-18,2.9632543508091397e-18,1.1488572337845715e-17,4.373017495670279e-18,0.013540682075923046,0.0,0.0
2025-10-12,5.993181161145847e-18,4.5736396021488445e-18,0.0,0.0,0.0,0.003480467076633208,1.5124909522525045e-18,,0.0,0.0,0.0,0.032763705274651465,6.513719133928804e-18,,,0.0,0.0,0.0,1.6951436525144746e-17,5.733251467915844e-19,5.648323292274644e-18,0.0,,0.0,0.0,1.1175817178057564e-18,0.12543476365189649,0.0,1.348694009538281e-19,,0.0,0.36125042769208954,0.0,0.25219058761301494,0.0,0.12092468785790503,0.01377703350033038,,,0.0,0.0,,,2.7261392781696923e-18,,,0.0,1.1117692661934196e-18,0.0,0.0,0.0,,,1.8324388520545874e-19,4.761513497427898e-18,0.09017832733347893,3.763676297162692e-18,0.0,0.0,0.0,0.0,0.0,0.0
2025-10-26,0.0,6.51967795106957e-19,3.63765588900577e-19,0.0,0.0,0.0,4.380516880086299e-18,,0.0,,0.0,0.13572026675693946,0.0,,,0.0,1.9413775628288393e-18,0.0,0.05345318209802702,,5.949919098794105e-19,0.0,,0.0,1.5202001551111951e-18,9.020556509374262e-19,1.8354829588722342e-18,2.4604468670964227e-18,3.3637792575703868e-18,5.8415153331863415e-18,0.29378671867974415,0.1483184644996295,1.2467742978115662e-18,0.0,0.0,1.741077408935776e-18,0.0,,,7.906213258247079e-19,0.0,,,0.0,,,0.0,0.14674751590263457,2.815349750140625e-18,0.0,4.142985742407448e-18,5.904316117895499e-19,,0.0,0.0,0.14734021121740215,0.0,4.0536681939055254e-18,0.07463364084562318,0.0,0.0,0.0,0.0
2025-11-09,0.0,0.0,0.0,2.4418795143804182e-18,3.082063959041151e-18,6.59366518837315e-19,3.053667308250836e-18,,0.0,0.0,9.384683090556813e-19,0.059434258227063046,0.0,,,1.4839321370061492e-18,0.0,0.0,3.9355432232863914e-18,,5.1532183125675655e-18,3.498778441737533e-18,,0.15091287706907694,0.39753692071156765,0.0,0.0,0.0,1.5401806333158588e-19,,0.32120333466621653,4.196857087172369e-18,8.934914827446096e-18,1.0564163902625849e-18,2.945596200461553e-18,0.0,0.0,,,0.0,0.0,,,0.0,,,2.4042216789835197e-18,6.1809148093239564e-18,4.872312022799633e-18,0.0,0.0,6.447542337143128e-19,,6.498580195545618e-20,2.4559038779136863e-18,0.07091260932607579,0.0,7.746029858360025e-19,0.0,1.0119411583731028e-18,0.0,5.285331462528465e-18,4.652850145052024e-18
2025-11-23,3.140593241471766e-18,0.0,1.0296327579876095e-17,3.289671040188523e-18,0.0,0.0,0.042500886412689086,,0.0,,0.0,0.0,0.0,0.19235563698259614,,5.791656089747627e-19,,5.498732966627738e-18,1.3782427403435327e-17,,0.08524255232389923,0.0,0.4058454926309358,4.16535283101937e-19,0.0,,5.4445228580034625e-18,0.0,6.857053432678199e-19,0.06109956426186473,9.998171982442581e-18,7.40426222965872e-18,7.059256827717107e-19,6.477615266314244e-18,0.0,0.0,0.0,,,0.0,0.0,,,0.0,,,3.560721583309899e-18,0.0,0.0,1.1853456773493405e-18,0.0,2.0188338319676078e-18,,0.0,0.14222060124716526,8.131023579354636e-18,0.0,0.0,8.773212064082763e-19,0.0,0.0,0.0,0.07073526614084967
2025-12-07,0.0,0.0,0.0,0.0,0.2159208840399736,0.0,2.2394727373914595e-18,,0.0,,4.634678762177657e-18,3.7963640583334304e-18,2.1194160237968046e-18,2.7090338302023932e-18,,0.15963137162713642,,0.0,9.12367840178832e-19,,0.008071265458413551,0.0,0.02697586745398946,0.0,0.0,,0.0,0.0,0.0,0.008521831102251706,0.154545713194169,0.16948445117124353,0.0,0.0,7.011461891232197e-18,0.0,0.0,,,2.267197733112042e-18,0.0,0.03451308199590664,,0.0,,,0.0,2.6287295163758252e-18,0.0,4.487679152444852e-18,4.321949842394143e-18,,,3.037250086174984e-18,2.395516441927793e-18,0.0,0.018507612509072048,6.2611599237566764e-18,0.15596136240934064,0.028009186869351152,0.0,3.86824957198995e-18,0.019857372169152135
2025-12-21,0.0,0.0,3.500282943337344e-18,0.2722742109869375,0.0,0.0,1.1717572894936715e-18,,0.0,,0.04333324585369372,6.896729398986228e-19,0.0,3.3227245786511606e-19,,1.1189985654395288e-17,,0.0,3.6316735369074155e-18,,0.0,8.550936813960987e-19,3.0730227426633813e-19,0.0,0.18257178556762008,,3.448807511089896e-18,0.0,0.0,0.0,0.0,0.24762764452612396,5.002078253868373e-18,1.2459854080776118e-18,1.875411935650426e-18,0.0,0.0,,,0.0,3.357834581834235e-18,0.0,,1.6296230805005775e-18,,,7.628430273550795e-18,0.0,1.0935524879633573e-17,1.3543070298189738e-18,0.0,,,0.0,0.045242747358812264,3.8754748826569305e-19,1.0605243131931407e-20,0.11371892351889498,0.017651065199206048,8.680796926596544e-18,0.0,0.07758037698871142,0.0
